"","N","p","p0","k","alpha","tails","power"
"11",1,1,0.3,2,0.01,2,0.1
"10",2,0.95,0.3,2,0.01,2,0.1
"8",3,0.85,0.3,2,0.01,2,0.1
"9",3,0.9,0.3,2,0.01,2,0.1
"7",4,0.8,0.3,2,0.01,2,0.1
"6",5,0.75,0.3,2,0.01,2,0.1
"5",7,0.7,0.3,2,0.01,2,0.1
"4",9,0.65,0.3,2,0.01,2,0.1
"3",13,0.6,0.3,2,0.01,2,0.1
"2",19,0.55,0.3,2,0.01,2,0.1
"1",31,0.5,0.3,2,0.01,2,0.1
"111",1,1,0.3,2,0.01,2,0.15
"91",3,0.9,0.3,2,0.01,2,0.15
"101",3,0.95,0.3,2,0.01,2,0.15
"81",4,0.85,0.3,2,0.01,2,0.15
"71",5,0.8,0.3,2,0.01,2,0.15
"61",7,0.75,0.3,2,0.01,2,0.15
"51",9,0.7,0.3,2,0.01,2,0.15
"41",12,0.65,0.3,2,0.01,2,0.15
"31",18,0.6,0.3,2,0.01,2,0.15
"21",26,0.55,0.3,2,0.01,2,0.15
"12",43,0.5,0.3,2,0.01,2,0.15
"112",1,1,0.3,2,0.01,2,0.2
"102",3,0.95,0.3,2,0.01,2,0.2
"92",4,0.9,0.3,2,0.01,2,0.2
"82",5,0.85,0.3,2,0.01,2,0.2
"72",6,0.8,0.3,2,0.01,2,0.2
"62",8,0.75,0.3,2,0.01,2,0.2
"52",11,0.7,0.3,2,0.01,2,0.2
"42",15,0.65,0.3,2,0.01,2,0.2
"32",22,0.6,0.3,2,0.01,2,0.2
"22",33,0.55,0.3,2,0.01,2,0.2
"13",54,0.5,0.3,2,0.01,2,0.2
"113",1,1,0.3,2,0.01,2,0.25
"103",3,0.95,0.3,2,0.01,2,0.25
"93",4,0.9,0.3,2,0.01,2,0.25
"83",6,0.85,0.3,2,0.01,2,0.25
"73",7,0.8,0.3,2,0.01,2,0.25
"63",10,0.75,0.3,2,0.01,2,0.25
"53",13,0.7,0.3,2,0.01,2,0.25
"43",18,0.65,0.3,2,0.01,2,0.25
"33",26,0.6,0.3,2,0.01,2,0.25
"23",39,0.55,0.3,2,0.01,2,0.25
"14",64,0.5,0.3,2,0.01,2,0.25
"114",1,1,0.3,2,0.01,2,0.3
"104",3,0.95,0.3,2,0.01,2,0.3
"94",5,0.9,0.3,2,0.01,2,0.3
"84",6,0.85,0.3,2,0.01,2,0.3
"74",8,0.8,0.3,2,0.01,2,0.3
"64",11,0.75,0.3,2,0.01,2,0.3
"54",15,0.7,0.3,2,0.01,2,0.3
"44",21,0.65,0.3,2,0.01,2,0.3
"34",30,0.6,0.3,2,0.01,2,0.3
"24",46,0.55,0.3,2,0.01,2,0.3
"15",75,0.5,0.3,2,0.01,2,0.3
"115",1,1,0.3,2,0.01,2,0.35
"105",4,0.95,0.3,2,0.01,2,0.35
"95",5,0.9,0.3,2,0.01,2,0.35
"85",7,0.85,0.3,2,0.01,2,0.35
"75",9,0.8,0.3,2,0.01,2,0.35
"65",12,0.75,0.3,2,0.01,2,0.35
"55",17,0.7,0.3,2,0.01,2,0.35
"45",24,0.65,0.3,2,0.01,2,0.35
"35",34,0.6,0.3,2,0.01,2,0.35
"25",52,0.55,0.3,2,0.01,2,0.35
"16",85,0.5,0.3,2,0.01,2,0.35
"116",1,1,0.3,2,0.01,2,0.4
"106",4,0.95,0.3,2,0.01,2,0.4
"96",5,0.9,0.3,2,0.01,2,0.4
"86",8,0.85,0.3,2,0.01,2,0.4
"76",10,0.8,0.3,2,0.01,2,0.4
"66",14,0.75,0.3,2,0.01,2,0.4
"56",19,0.7,0.3,2,0.01,2,0.4
"46",26,0.65,0.3,2,0.01,2,0.4
"36",38,0.6,0.3,2,0.01,2,0.4
"26",58,0.55,0.3,2,0.01,2,0.4
"17",95,0.5,0.3,2,0.01,2,0.4
"117",1,1,0.3,2,0.01,2,0.45
"107",4,0.95,0.3,2,0.01,2,0.45
"97",6,0.9,0.3,2,0.01,2,0.45
"87",8,0.85,0.3,2,0.01,2,0.45
"77",11,0.8,0.3,2,0.01,2,0.45
"67",15,0.75,0.3,2,0.01,2,0.45
"57",21,0.7,0.3,2,0.01,2,0.45
"47",29,0.65,0.3,2,0.01,2,0.45
"37",42,0.6,0.3,2,0.01,2,0.45
"27",64,0.55,0.3,2,0.01,2,0.45
"18",106,0.5,0.3,2,0.01,2,0.45
"118",1,1,0.3,2,0.01,2,0.5
"108",4,0.95,0.3,2,0.01,2,0.5
"98",6,0.9,0.3,2,0.01,2,0.5
"88",9,0.85,0.3,2,0.01,2,0.5
"78",12,0.8,0.3,2,0.01,2,0.5
"68",17,0.75,0.3,2,0.01,2,0.5
"58",23,0.7,0.3,2,0.01,2,0.5
"48",32,0.65,0.3,2,0.01,2,0.5
"38",47,0.6,0.3,2,0.01,2,0.5
"28",71,0.55,0.3,2,0.01,2,0.5
"19",117,0.5,0.3,2,0.01,2,0.5
"119",1,1,0.3,2,0.01,2,0.55
"109",5,0.95,0.3,2,0.01,2,0.55
"99",7,0.9,0.3,2,0.01,2,0.55
"89",10,0.85,0.3,2,0.01,2,0.55
"79",13,0.8,0.3,2,0.01,2,0.55
"69",18,0.75,0.3,2,0.01,2,0.55
"59",25,0.7,0.3,2,0.01,2,0.55
"49",35,0.65,0.3,2,0.01,2,0.55
"39",51,0.6,0.3,2,0.01,2,0.55
"29",78,0.55,0.3,2,0.01,2,0.55
"110",128,0.5,0.3,2,0.01,2,0.55
"1110",1,1,0.3,2,0.01,2,0.6
"1010",5,0.95,0.3,2,0.01,2,0.6
"910",7,0.9,0.3,2,0.01,2,0.6
"810",10,0.85,0.3,2,0.01,2,0.6
"710",14,0.8,0.3,2,0.01,2,0.6
"610",20,0.75,0.3,2,0.01,2,0.6
"510",27,0.7,0.3,2,0.01,2,0.6
"410",38,0.65,0.3,2,0.01,2,0.6
"310",56,0.6,0.3,2,0.01,2,0.6
"210",85,0.55,0.3,2,0.01,2,0.6
"120",141,0.5,0.3,2,0.01,2,0.6
"1111",1,1,0.3,2,0.01,2,0.65
"1011",5,0.95,0.3,2,0.01,2,0.65
"911",8,0.9,0.3,2,0.01,2,0.65
"811",11,0.85,0.3,2,0.01,2,0.65
"711",16,0.8,0.3,2,0.01,2,0.65
"611",21,0.75,0.3,2,0.01,2,0.65
"511",30,0.7,0.3,2,0.01,2,0.65
"411",42,0.65,0.3,2,0.01,2,0.65
"311",61,0.6,0.3,2,0.01,2,0.65
"211",93,0.55,0.3,2,0.01,2,0.65
"121",154,0.5,0.3,2,0.01,2,0.65
"1112",1,1,0.3,2,0.01,2,0.7
"1012",6,0.95,0.3,2,0.01,2,0.7
"912",9,0.9,0.3,2,0.01,2,0.7
"812",12,0.85,0.3,2,0.01,2,0.7
"712",17,0.8,0.3,2,0.01,2,0.7
"612",23,0.75,0.3,2,0.01,2,0.7
"512",32,0.7,0.3,2,0.01,2,0.7
"412",46,0.65,0.3,2,0.01,2,0.7
"312",67,0.6,0.3,2,0.01,2,0.7
"212",102,0.55,0.3,2,0.01,2,0.7
"122",169,0.5,0.3,2,0.01,2,0.7
"1113",1,1,0.3,2,0.01,2,0.75
"1013",6,0.95,0.3,2,0.01,2,0.75
"913",9,0.9,0.3,2,0.01,2,0.75
"813",13,0.85,0.3,2,0.01,2,0.75
"713",18,0.8,0.3,2,0.01,2,0.75
"613",26,0.75,0.3,2,0.01,2,0.75
"513",35,0.7,0.3,2,0.01,2,0.75
"413",50,0.65,0.3,2,0.01,2,0.75
"313",73,0.6,0.3,2,0.01,2,0.75
"213",112,0.55,0.3,2,0.01,2,0.75
"123",185,0.5,0.3,2,0.01,2,0.75
"1114",1,1,0.3,2,0.01,2,0.8
"1014",7,0.95,0.3,2,0.01,2,0.8
"914",10,0.9,0.3,2,0.01,2,0.8
"814",15,0.85,0.3,2,0.01,2,0.8
"714",20,0.8,0.3,2,0.01,2,0.8
"614",28,0.75,0.3,2,0.01,2,0.8
"514",39,0.7,0.3,2,0.01,2,0.8
"414",55,0.65,0.3,2,0.01,2,0.8
"314",81,0.6,0.3,2,0.01,2,0.8
"214",124,0.55,0.3,2,0.01,2,0.8
"124",205,0.5,0.3,2,0.01,2,0.8
"1115",1,1,0.3,2,0.015,2,0.1
"915",2,0.9,0.3,2,0.015,2,0.1
"1015",2,0.95,0.3,2,0.015,2,0.1
"815",3,0.85,0.3,2,0.015,2,0.1
"715",4,0.8,0.3,2,0.015,2,0.1
"615",5,0.75,0.3,2,0.015,2,0.1
"515",6,0.7,0.3,2,0.015,2,0.1
"415",8,0.65,0.3,2,0.015,2,0.1
"315",10,0.6,0.3,2,0.015,2,0.1
"215",15,0.55,0.3,2,0.015,2,0.1
"125",25,0.5,0.3,2,0.015,2,0.1
"1116",1,1,0.3,2,0.015,2,0.15
"1016",2,0.95,0.3,2,0.015,2,0.15
"916",3,0.9,0.3,2,0.015,2,0.15
"816",4,0.85,0.3,2,0.015,2,0.15
"716",5,0.8,0.3,2,0.015,2,0.15
"616",6,0.75,0.3,2,0.015,2,0.15
"516",8,0.7,0.3,2,0.015,2,0.15
"416",10,0.65,0.3,2,0.015,2,0.15
"316",15,0.6,0.3,2,0.015,2,0.15
"216",22,0.55,0.3,2,0.015,2,0.15
"126",35,0.5,0.3,2,0.015,2,0.15
"1117",1,1,0.3,2,0.015,2,0.2
"917",3,0.9,0.3,2,0.015,2,0.2
"1017",3,0.95,0.3,2,0.015,2,0.2
"817",4,0.85,0.3,2,0.015,2,0.2
"717",6,0.8,0.3,2,0.015,2,0.2
"617",7,0.75,0.3,2,0.015,2,0.2
"517",10,0.7,0.3,2,0.015,2,0.2
"417",13,0.65,0.3,2,0.015,2,0.2
"317",19,0.6,0.3,2,0.015,2,0.2
"217",28,0.55,0.3,2,0.015,2,0.2
"127",46,0.5,0.3,2,0.015,2,0.2
"1118",1,1,0.3,2,0.015,2,0.25
"1018",3,0.95,0.3,2,0.015,2,0.25
"918",4,0.9,0.3,2,0.015,2,0.25
"818",5,0.85,0.3,2,0.015,2,0.25
"718",6,0.8,0.3,2,0.015,2,0.25
"618",9,0.75,0.3,2,0.015,2,0.25
"518",11,0.7,0.3,2,0.015,2,0.25
"418",16,0.65,0.3,2,0.015,2,0.25
"318",22,0.6,0.3,2,0.015,2,0.25
"218",34,0.55,0.3,2,0.015,2,0.25
"128",55,0.5,0.3,2,0.015,2,0.25
"1119",1,1,0.3,2,0.015,2,0.3
"1019",3,0.95,0.3,2,0.015,2,0.3
"919",4,0.9,0.3,2,0.015,2,0.3
"819",6,0.85,0.3,2,0.015,2,0.3
"719",7,0.8,0.3,2,0.015,2,0.3
"619",10,0.75,0.3,2,0.015,2,0.3
"519",13,0.7,0.3,2,0.015,2,0.3
"419",18,0.65,0.3,2,0.015,2,0.3
"319",26,0.6,0.3,2,0.015,2,0.3
"219",40,0.55,0.3,2,0.015,2,0.3
"129",65,0.5,0.3,2,0.015,2,0.3
"1120",1,1,0.3,2,0.015,2,0.35
"1020",3,0.95,0.3,2,0.015,2,0.35
"920",5,0.9,0.3,2,0.015,2,0.35
"820",6,0.85,0.3,2,0.015,2,0.35
"720",8,0.8,0.3,2,0.015,2,0.35
"620",11,0.75,0.3,2,0.015,2,0.35
"520",15,0.7,0.3,2,0.015,2,0.35
"420",21,0.65,0.3,2,0.015,2,0.35
"320",30,0.6,0.3,2,0.015,2,0.35
"220",45,0.55,0.3,2,0.015,2,0.35
"130",74,0.5,0.3,2,0.015,2,0.35
"1121",1,1,0.3,2,0.015,2,0.4
"1021",4,0.95,0.3,2,0.015,2,0.4
"921",5,0.9,0.3,2,0.015,2,0.4
"821",7,0.85,0.3,2,0.015,2,0.4
"721",9,0.8,0.3,2,0.015,2,0.4
"621",12,0.75,0.3,2,0.015,2,0.4
"521",17,0.7,0.3,2,0.015,2,0.4
"421",23,0.65,0.3,2,0.015,2,0.4
"321",34,0.6,0.3,2,0.015,2,0.4
"221",51,0.55,0.3,2,0.015,2,0.4
"131",84,0.5,0.3,2,0.015,2,0.4
"1122",1,1,0.3,2,0.015,2,0.45
"1022",4,0.95,0.3,2,0.015,2,0.45
"922",5,0.9,0.3,2,0.015,2,0.45
"822",7,0.85,0.3,2,0.015,2,0.45
"722",10,0.8,0.3,2,0.015,2,0.45
"622",14,0.75,0.3,2,0.015,2,0.45
"522",19,0.7,0.3,2,0.015,2,0.45
"422",26,0.65,0.3,2,0.015,2,0.45
"322",38,0.6,0.3,2,0.015,2,0.45
"222",57,0.55,0.3,2,0.015,2,0.45
"132",94,0.5,0.3,2,0.015,2,0.45
"1123",1,1,0.3,2,0.015,2,0.5
"1023",4,0.95,0.3,2,0.015,2,0.5
"923",6,0.9,0.3,2,0.015,2,0.5
"823",8,0.85,0.3,2,0.015,2,0.5
"723",11,0.8,0.3,2,0.015,2,0.5
"623",15,0.75,0.3,2,0.015,2,0.5
"523",21,0.7,0.3,2,0.015,2,0.5
"423",29,0.65,0.3,2,0.015,2,0.5
"323",42,0.6,0.3,2,0.015,2,0.5
"223",64,0.55,0.3,2,0.015,2,0.5
"133",104,0.5,0.3,2,0.015,2,0.5
"1124",1,1,0.3,2,0.015,2,0.55
"1024",4,0.95,0.3,2,0.015,2,0.55
"924",6,0.9,0.3,2,0.015,2,0.55
"824",9,0.85,0.3,2,0.015,2,0.55
"724",12,0.8,0.3,2,0.015,2,0.55
"624",16,0.75,0.3,2,0.015,2,0.55
"524",23,0.7,0.3,2,0.015,2,0.55
"424",32,0.65,0.3,2,0.015,2,0.55
"324",46,0.6,0.3,2,0.015,2,0.55
"224",70,0.55,0.3,2,0.015,2,0.55
"134",115,0.5,0.3,2,0.015,2,0.55
"1125",1,1,0.3,2,0.015,2,0.6
"1025",5,0.95,0.3,2,0.015,2,0.6
"925",7,0.9,0.3,2,0.015,2,0.6
"825",10,0.85,0.3,2,0.015,2,0.6
"725",13,0.8,0.3,2,0.015,2,0.6
"625",18,0.75,0.3,2,0.015,2,0.6
"525",25,0.7,0.3,2,0.015,2,0.6
"425",35,0.65,0.3,2,0.015,2,0.6
"325",51,0.6,0.3,2,0.015,2,0.6
"225",77,0.55,0.3,2,0.015,2,0.6
"135",127,0.5,0.3,2,0.015,2,0.6
"1126",1,1,0.3,2,0.015,2,0.65
"1026",5,0.95,0.3,2,0.015,2,0.65
"926",7,0.9,0.3,2,0.015,2,0.65
"826",10,0.85,0.3,2,0.015,2,0.65
"726",14,0.8,0.3,2,0.015,2,0.65
"626",20,0.75,0.3,2,0.015,2,0.65
"526",27,0.7,0.3,2,0.015,2,0.65
"426",38,0.65,0.3,2,0.015,2,0.65
"326",55,0.6,0.3,2,0.015,2,0.65
"226",85,0.55,0.3,2,0.015,2,0.65
"136",140,0.5,0.3,2,0.015,2,0.65
"1127",1,1,0.3,2,0.015,2,0.7
"1027",5,0.95,0.3,2,0.015,2,0.7
"927",8,0.9,0.3,2,0.015,2,0.7
"827",11,0.85,0.3,2,0.015,2,0.7
"727",16,0.8,0.3,2,0.015,2,0.7
"627",21,0.75,0.3,2,0.015,2,0.7
"527",30,0.7,0.3,2,0.015,2,0.7
"427",42,0.65,0.3,2,0.015,2,0.7
"327",61,0.6,0.3,2,0.015,2,0.7
"227",93,0.55,0.3,2,0.015,2,0.7
"137",154,0.5,0.3,2,0.015,2,0.7
"1128",1,1,0.3,2,0.015,2,0.75
"1028",6,0.95,0.3,2,0.015,2,0.75
"928",9,0.9,0.3,2,0.015,2,0.75
"828",12,0.85,0.3,2,0.015,2,0.75
"728",17,0.8,0.3,2,0.015,2,0.75
"628",23,0.75,0.3,2,0.015,2,0.75
"528",33,0.7,0.3,2,0.015,2,0.75
"428",46,0.65,0.3,2,0.015,2,0.75
"328",67,0.6,0.3,2,0.015,2,0.75
"228",103,0.55,0.3,2,0.015,2,0.75
"138",169,0.5,0.3,2,0.015,2,0.75
"1129",1,1,0.3,2,0.015,2,0.8
"1029",6,0.95,0.3,2,0.015,2,0.8
"929",9,0.9,0.3,2,0.015,2,0.8
"829",13,0.85,0.3,2,0.015,2,0.8
"729",19,0.8,0.3,2,0.015,2,0.8
"629",26,0.75,0.3,2,0.015,2,0.8
"529",36,0.7,0.3,2,0.015,2,0.8
"429",51,0.65,0.3,2,0.015,2,0.8
"329",74,0.6,0.3,2,0.015,2,0.8
"229",114,0.55,0.3,2,0.015,2,0.8
"139",188,0.5,0.3,2,0.015,2,0.8
"1130",1,1,0.3,2,0.02,2,0.1
"930",2,0.9,0.3,2,0.02,2,0.1
"1030",2,0.95,0.3,2,0.02,2,0.1
"730",3,0.8,0.3,2,0.02,2,0.1
"830",3,0.85,0.3,2,0.02,2,0.1
"630",4,0.75,0.3,2,0.02,2,0.1
"530",5,0.7,0.3,2,0.02,2,0.1
"430",7,0.65,0.3,2,0.02,2,0.1
"330",9,0.6,0.3,2,0.02,2,0.1
"230",13,0.55,0.3,2,0.02,2,0.1
"140",20,0.5,0.3,2,0.02,2,0.1
"1131",1,1,0.3,2,0.02,2,0.15
"1031",2,0.95,0.3,2,0.02,2,0.15
"831",3,0.85,0.3,2,0.02,2,0.15
"931",3,0.9,0.3,2,0.02,2,0.15
"731",4,0.8,0.3,2,0.02,2,0.15
"631",5,0.75,0.3,2,0.02,2,0.15
"531",7,0.7,0.3,2,0.02,2,0.15
"431",9,0.65,0.3,2,0.02,2,0.15
"331",13,0.6,0.3,2,0.02,2,0.15
"231",19,0.55,0.3,2,0.02,2,0.15
"141",30,0.5,0.3,2,0.02,2,0.15
"1132",1,1,0.3,2,0.02,2,0.2
"1032",2,0.95,0.3,2,0.02,2,0.2
"932",3,0.9,0.3,2,0.02,2,0.2
"832",4,0.85,0.3,2,0.02,2,0.2
"732",5,0.8,0.3,2,0.02,2,0.2
"632",7,0.75,0.3,2,0.02,2,0.2
"532",9,0.7,0.3,2,0.02,2,0.2
"432",12,0.65,0.3,2,0.02,2,0.2
"332",16,0.6,0.3,2,0.02,2,0.2
"232",25,0.55,0.3,2,0.02,2,0.2
"142",40,0.5,0.3,2,0.02,2,0.2
"1133",1,1,0.3,2,0.02,2,0.25
"1033",3,0.95,0.3,2,0.02,2,0.25
"933",4,0.9,0.3,2,0.02,2,0.25
"833",5,0.85,0.3,2,0.02,2,0.25
"733",6,0.8,0.3,2,0.02,2,0.25
"633",8,0.75,0.3,2,0.02,2,0.25
"533",10,0.7,0.3,2,0.02,2,0.25
"433",14,0.65,0.3,2,0.02,2,0.25
"333",20,0.6,0.3,2,0.02,2,0.25
"233",30,0.55,0.3,2,0.02,2,0.25
"143",49,0.5,0.3,2,0.02,2,0.25
"1134",1,1,0.3,2,0.02,2,0.3
"1034",3,0.95,0.3,2,0.02,2,0.3
"934",4,0.9,0.3,2,0.02,2,0.3
"834",5,0.85,0.3,2,0.02,2,0.3
"734",7,0.8,0.3,2,0.02,2,0.3
"634",9,0.75,0.3,2,0.02,2,0.3
"534",12,0.7,0.3,2,0.02,2,0.3
"434",16,0.65,0.3,2,0.02,2,0.3
"334",24,0.6,0.3,2,0.02,2,0.3
"234",36,0.55,0.3,2,0.02,2,0.3
"144",58,0.5,0.3,2,0.02,2,0.3
"1135",1,1,0.3,2,0.02,2,0.35
"1035",3,0.95,0.3,2,0.02,2,0.35
"935",4,0.9,0.3,2,0.02,2,0.35
"835",6,0.85,0.3,2,0.02,2,0.35
"735",8,0.8,0.3,2,0.02,2,0.35
"635",10,0.75,0.3,2,0.02,2,0.35
"535",14,0.7,0.3,2,0.02,2,0.35
"435",19,0.65,0.3,2,0.02,2,0.35
"335",27,0.6,0.3,2,0.02,2,0.35
"235",41,0.55,0.3,2,0.02,2,0.35
"145",67,0.5,0.3,2,0.02,2,0.35
"1136",1,1,0.3,2,0.02,2,0.4
"1036",3,0.95,0.3,2,0.02,2,0.4
"936",5,0.9,0.3,2,0.02,2,0.4
"836",6,0.85,0.3,2,0.02,2,0.4
"736",8,0.8,0.3,2,0.02,2,0.4
"636",11,0.75,0.3,2,0.02,2,0.4
"536",15,0.7,0.3,2,0.02,2,0.4
"436",21,0.65,0.3,2,0.02,2,0.4
"336",31,0.6,0.3,2,0.02,2,0.4
"236",47,0.55,0.3,2,0.02,2,0.4
"146",76,0.5,0.3,2,0.02,2,0.4
"1137",1,1,0.3,2,0.02,2,0.45
"1037",4,0.95,0.3,2,0.02,2,0.45
"937",5,0.9,0.3,2,0.02,2,0.45
"837",7,0.85,0.3,2,0.02,2,0.45
"737",9,0.8,0.3,2,0.02,2,0.45
"637",13,0.75,0.3,2,0.02,2,0.45
"537",17,0.7,0.3,2,0.02,2,0.45
"437",24,0.65,0.3,2,0.02,2,0.45
"337",34,0.6,0.3,2,0.02,2,0.45
"237",52,0.55,0.3,2,0.02,2,0.45
"147",86,0.5,0.3,2,0.02,2,0.45
"1138",1,1,0.3,2,0.02,2,0.5
"1038",4,0.95,0.3,2,0.02,2,0.5
"938",6,0.9,0.3,2,0.02,2,0.5
"838",8,0.85,0.3,2,0.02,2,0.5
"738",10,0.8,0.3,2,0.02,2,0.5
"638",14,0.75,0.3,2,0.02,2,0.5
"538",19,0.7,0.3,2,0.02,2,0.5
"438",26,0.65,0.3,2,0.02,2,0.5
"338",38,0.6,0.3,2,0.02,2,0.5
"238",58,0.55,0.3,2,0.02,2,0.5
"148",96,0.5,0.3,2,0.02,2,0.5
"1139",1,1,0.3,2,0.02,2,0.55
"1039",4,0.95,0.3,2,0.02,2,0.55
"939",6,0.9,0.3,2,0.02,2,0.55
"839",8,0.85,0.3,2,0.02,2,0.55
"739",11,0.8,0.3,2,0.02,2,0.55
"639",15,0.75,0.3,2,0.02,2,0.55
"539",21,0.7,0.3,2,0.02,2,0.55
"439",29,0.65,0.3,2,0.02,2,0.55
"339",42,0.6,0.3,2,0.02,2,0.55
"239",65,0.55,0.3,2,0.02,2,0.55
"149",106,0.5,0.3,2,0.02,2,0.55
"1140",1,1,0.3,2,0.02,2,0.6
"1040",4,0.95,0.3,2,0.02,2,0.6
"940",6,0.9,0.3,2,0.02,2,0.6
"840",9,0.85,0.3,2,0.02,2,0.6
"740",12,0.8,0.3,2,0.02,2,0.6
"640",17,0.75,0.3,2,0.02,2,0.6
"540",23,0.7,0.3,2,0.02,2,0.6
"440",32,0.65,0.3,2,0.02,2,0.6
"340",47,0.6,0.3,2,0.02,2,0.6
"240",71,0.55,0.3,2,0.02,2,0.6
"150",117,0.5,0.3,2,0.02,2,0.6
"1141",1,1,0.3,2,0.02,2,0.65
"1041",5,0.95,0.3,2,0.02,2,0.65
"941",7,0.9,0.3,2,0.02,2,0.65
"841",10,0.85,0.3,2,0.02,2,0.65
"741",13,0.8,0.3,2,0.02,2,0.65
"641",18,0.75,0.3,2,0.02,2,0.65
"541",25,0.7,0.3,2,0.02,2,0.65
"441",35,0.65,0.3,2,0.02,2,0.65
"341",51,0.6,0.3,2,0.02,2,0.65
"241",79,0.55,0.3,2,0.02,2,0.65
"151",129,0.5,0.3,2,0.02,2,0.65
"1142",1,1,0.3,2,0.02,2,0.7
"1042",5,0.95,0.3,2,0.02,2,0.7
"942",8,0.9,0.3,2,0.02,2,0.7
"842",11,0.85,0.3,2,0.02,2,0.7
"742",15,0.8,0.3,2,0.02,2,0.7
"642",20,0.75,0.3,2,0.02,2,0.7
"542",28,0.7,0.3,2,0.02,2,0.7
"442",39,0.65,0.3,2,0.02,2,0.7
"342",57,0.6,0.3,2,0.02,2,0.7
"242",87,0.55,0.3,2,0.02,2,0.7
"152",143,0.5,0.3,2,0.02,2,0.7
"1143",1,1,0.3,2,0.02,2,0.75
"1043",5,0.95,0.3,2,0.02,2,0.75
"943",8,0.9,0.3,2,0.02,2,0.75
"843",12,0.85,0.3,2,0.02,2,0.75
"743",16,0.8,0.3,2,0.02,2,0.75
"643",22,0.75,0.3,2,0.02,2,0.75
"543",30,0.7,0.3,2,0.02,2,0.75
"443",43,0.65,0.3,2,0.02,2,0.75
"343",63,0.6,0.3,2,0.02,2,0.75
"243",96,0.55,0.3,2,0.02,2,0.75
"153",158,0.5,0.3,2,0.02,2,0.75
"1144",1,1,0.3,2,0.02,2,0.8
"1044",6,0.95,0.3,2,0.02,2,0.8
"944",9,0.9,0.3,2,0.02,2,0.8
"844",13,0.85,0.3,2,0.02,2,0.8
"744",18,0.8,0.3,2,0.02,2,0.8
"644",24,0.75,0.3,2,0.02,2,0.8
"544",34,0.7,0.3,2,0.02,2,0.8
"444",48,0.65,0.3,2,0.02,2,0.8
"344",70,0.6,0.3,2,0.02,2,0.8
"244",107,0.55,0.3,2,0.02,2,0.8
"154",176,0.5,0.3,2,0.02,2,0.8
"1145",1,1,0.3,2,0.025,2,0.1
"945",2,0.9,0.3,2,0.025,2,0.1
"1045",2,0.95,0.3,2,0.025,2,0.1
"745",3,0.8,0.3,2,0.025,2,0.1
"845",3,0.85,0.3,2,0.025,2,0.1
"545",4,0.7,0.3,2,0.025,2,0.1
"645",4,0.75,0.3,2,0.025,2,0.1
"445",6,0.65,0.3,2,0.025,2,0.1
"345",8,0.6,0.3,2,0.025,2,0.1
"245",11,0.55,0.3,2,0.025,2,0.1
"155",18,0.5,0.3,2,0.025,2,0.1
"1146",1,1,0.3,2,0.025,2,0.15
"1046",2,0.95,0.3,2,0.025,2,0.15
"846",3,0.85,0.3,2,0.025,2,0.15
"946",3,0.9,0.3,2,0.025,2,0.15
"746",4,0.8,0.3,2,0.025,2,0.15
"646",5,0.75,0.3,2,0.025,2,0.15
"546",6,0.7,0.3,2,0.025,2,0.15
"446",8,0.65,0.3,2,0.025,2,0.15
"346",11,0.6,0.3,2,0.025,2,0.15
"246",17,0.55,0.3,2,0.025,2,0.15
"156",27,0.5,0.3,2,0.025,2,0.15
"1147",1,1,0.3,2,0.025,2,0.2
"1047",2,0.95,0.3,2,0.025,2,0.2
"947",3,0.9,0.3,2,0.025,2,0.2
"847",4,0.85,0.3,2,0.025,2,0.2
"747",5,0.8,0.3,2,0.025,2,0.2
"647",6,0.75,0.3,2,0.025,2,0.2
"547",8,0.7,0.3,2,0.025,2,0.2
"447",11,0.65,0.3,2,0.025,2,0.2
"347",15,0.6,0.3,2,0.025,2,0.2
"247",22,0.55,0.3,2,0.025,2,0.2
"157",36,0.5,0.3,2,0.025,2,0.2
"1148",1,1,0.3,2,0.025,2,0.25
"948",3,0.9,0.3,2,0.025,2,0.25
"1048",3,0.95,0.3,2,0.025,2,0.25
"848",4,0.85,0.3,2,0.025,2,0.25
"748",5,0.8,0.3,2,0.025,2,0.25
"648",7,0.75,0.3,2,0.025,2,0.25
"548",9,0.7,0.3,2,0.025,2,0.25
"448",13,0.65,0.3,2,0.025,2,0.25
"348",18,0.6,0.3,2,0.025,2,0.25
"248",27,0.55,0.3,2,0.025,2,0.25
"158",44,0.5,0.3,2,0.025,2,0.25
"1149",1,1,0.3,2,0.025,2,0.3
"1049",3,0.95,0.3,2,0.025,2,0.3
"949",4,0.9,0.3,2,0.025,2,0.3
"849",5,0.85,0.3,2,0.025,2,0.3
"749",6,0.8,0.3,2,0.025,2,0.3
"649",8,0.75,0.3,2,0.025,2,0.3
"549",11,0.7,0.3,2,0.025,2,0.3
"449",15,0.65,0.3,2,0.025,2,0.3
"349",22,0.6,0.3,2,0.025,2,0.3
"249",32,0.55,0.3,2,0.025,2,0.3
"159",53,0.5,0.3,2,0.025,2,0.3
"1150",1,1,0.3,2,0.025,2,0.35
"1050",3,0.95,0.3,2,0.025,2,0.35
"950",4,0.9,0.3,2,0.025,2,0.35
"850",5,0.85,0.3,2,0.025,2,0.35
"750",7,0.8,0.3,2,0.025,2,0.35
"650",9,0.75,0.3,2,0.025,2,0.35
"550",13,0.7,0.3,2,0.025,2,0.35
"450",17,0.65,0.3,2,0.025,2,0.35
"350",25,0.6,0.3,2,0.025,2,0.35
"250",38,0.55,0.3,2,0.025,2,0.35
"160",61,0.5,0.3,2,0.025,2,0.35
"1151",1,1,0.3,2,0.025,2,0.4
"1051",3,0.95,0.3,2,0.025,2,0.4
"951",4,0.9,0.3,2,0.025,2,0.4
"851",6,0.85,0.3,2,0.025,2,0.4
"751",8,0.8,0.3,2,0.025,2,0.4
"651",10,0.75,0.3,2,0.025,2,0.4
"551",14,0.7,0.3,2,0.025,2,0.4
"451",20,0.65,0.3,2,0.025,2,0.4
"351",28,0.6,0.3,2,0.025,2,0.4
"251",43,0.55,0.3,2,0.025,2,0.4
"161",70,0.5,0.3,2,0.025,2,0.4
"1152",1,1,0.3,2,0.025,2,0.45
"1052",3,0.95,0.3,2,0.025,2,0.45
"952",5,0.9,0.3,2,0.025,2,0.45
"852",6,0.85,0.3,2,0.025,2,0.45
"752",9,0.8,0.3,2,0.025,2,0.45
"652",12,0.75,0.3,2,0.025,2,0.45
"552",16,0.7,0.3,2,0.025,2,0.45
"452",22,0.65,0.3,2,0.025,2,0.45
"352",32,0.6,0.3,2,0.025,2,0.45
"252",48,0.55,0.3,2,0.025,2,0.45
"162",79,0.5,0.3,2,0.025,2,0.45
"1153",1,1,0.3,2,0.025,2,0.5
"1053",4,0.95,0.3,2,0.025,2,0.5
"953",5,0.9,0.3,2,0.025,2,0.5
"853",7,0.85,0.3,2,0.025,2,0.5
"753",10,0.8,0.3,2,0.025,2,0.5
"653",13,0.75,0.3,2,0.025,2,0.5
"553",18,0.7,0.3,2,0.025,2,0.5
"453",25,0.65,0.3,2,0.025,2,0.5
"353",36,0.6,0.3,2,0.025,2,0.5
"253",54,0.55,0.3,2,0.025,2,0.5
"163",89,0.5,0.3,2,0.025,2,0.5
"1154",1,1,0.3,2,0.025,2,0.55
"1054",4,0.95,0.3,2,0.025,2,0.55
"954",6,0.9,0.3,2,0.025,2,0.55
"854",8,0.85,0.3,2,0.025,2,0.55
"754",10,0.8,0.3,2,0.025,2,0.55
"654",14,0.75,0.3,2,0.025,2,0.55
"554",20,0.7,0.3,2,0.025,2,0.55
"454",27,0.65,0.3,2,0.025,2,0.55
"354",40,0.6,0.3,2,0.025,2,0.55
"254",60,0.55,0.3,2,0.025,2,0.55
"164",99,0.5,0.3,2,0.025,2,0.55
"1155",1,1,0.3,2,0.025,2,0.6
"1055",4,0.95,0.3,2,0.025,2,0.6
"955",6,0.9,0.3,2,0.025,2,0.6
"855",8,0.85,0.3,2,0.025,2,0.6
"755",11,0.8,0.3,2,0.025,2,0.6
"655",16,0.75,0.3,2,0.025,2,0.6
"555",22,0.7,0.3,2,0.025,2,0.6
"455",30,0.65,0.3,2,0.025,2,0.6
"355",44,0.6,0.3,2,0.025,2,0.6
"255",67,0.55,0.3,2,0.025,2,0.6
"165",110,0.5,0.3,2,0.025,2,0.6
"1156",1,1,0.3,2,0.025,2,0.65
"1056",4,0.95,0.3,2,0.025,2,0.65
"956",7,0.9,0.3,2,0.025,2,0.65
"856",9,0.85,0.3,2,0.025,2,0.65
"756",13,0.8,0.3,2,0.025,2,0.65
"656",17,0.75,0.3,2,0.025,2,0.65
"556",24,0.7,0.3,2,0.025,2,0.65
"456",33,0.65,0.3,2,0.025,2,0.65
"356",48,0.6,0.3,2,0.025,2,0.65
"256",74,0.55,0.3,2,0.025,2,0.65
"166",121,0.5,0.3,2,0.025,2,0.65
"1157",1,1,0.3,2,0.025,2,0.7
"1057",5,0.95,0.3,2,0.025,2,0.7
"957",7,0.9,0.3,2,0.025,2,0.7
"857",10,0.85,0.3,2,0.025,2,0.7
"757",14,0.8,0.3,2,0.025,2,0.7
"657",19,0.75,0.3,2,0.025,2,0.7
"557",26,0.7,0.3,2,0.025,2,0.7
"457",37,0.65,0.3,2,0.025,2,0.7
"357",53,0.6,0.3,2,0.025,2,0.7
"257",82,0.55,0.3,2,0.025,2,0.7
"167",135,0.5,0.3,2,0.025,2,0.7
"1158",1,1,0.3,2,0.025,2,0.75
"1058",5,0.95,0.3,2,0.025,2,0.75
"958",8,0.9,0.3,2,0.025,2,0.75
"858",11,0.85,0.3,2,0.025,2,0.75
"758",15,0.8,0.3,2,0.025,2,0.75
"658",21,0.75,0.3,2,0.025,2,0.75
"558",29,0.7,0.3,2,0.025,2,0.75
"458",41,0.65,0.3,2,0.025,2,0.75
"358",59,0.6,0.3,2,0.025,2,0.75
"258",91,0.55,0.3,2,0.025,2,0.75
"168",149,0.5,0.3,2,0.025,2,0.75
"1159",1,1,0.3,2,0.025,2,0.8
"1059",6,0.95,0.3,2,0.025,2,0.8
"959",9,0.9,0.3,2,0.025,2,0.8
"859",12,0.85,0.3,2,0.025,2,0.8
"759",17,0.8,0.3,2,0.025,2,0.8
"659",23,0.75,0.3,2,0.025,2,0.8
"559",32,0.7,0.3,2,0.025,2,0.8
"459",45,0.65,0.3,2,0.025,2,0.8
"359",66,0.6,0.3,2,0.025,2,0.8
"259",101,0.55,0.3,2,0.025,2,0.8
"169",167,0.5,0.3,2,0.025,2,0.8
"1160",1,1,0.3,2,0.03,2,0.1
"860",2,0.85,0.3,2,0.03,2,0.1
"960",2,0.9,0.3,2,0.03,2,0.1
"1060",2,0.95,0.3,2,0.03,2,0.1
"660",3,0.75,0.3,2,0.03,2,0.1
"760",3,0.8,0.3,2,0.03,2,0.1
"560",4,0.7,0.3,2,0.03,2,0.1
"460",5,0.65,0.3,2,0.03,2,0.1
"360",7,0.6,0.3,2,0.03,2,0.1
"260",10,0.55,0.3,2,0.03,2,0.1
"170",15,0.5,0.3,2,0.03,2,0.1
"1161",1,1,0.3,2,0.03,2,0.15
"961",2,0.9,0.3,2,0.03,2,0.15
"1061",2,0.95,0.3,2,0.03,2,0.15
"861",3,0.85,0.3,2,0.03,2,0.15
"661",4,0.75,0.3,2,0.03,2,0.15
"761",4,0.8,0.3,2,0.03,2,0.15
"561",6,0.7,0.3,2,0.03,2,0.15
"461",7,0.65,0.3,2,0.03,2,0.15
"361",10,0.6,0.3,2,0.03,2,0.15
"261",15,0.55,0.3,2,0.03,2,0.15
"171",24,0.5,0.3,2,0.03,2,0.15
"1162",1,1,0.3,2,0.03,2,0.2
"1062",2,0.95,0.3,2,0.03,2,0.2
"862",3,0.85,0.3,2,0.03,2,0.2
"962",3,0.9,0.3,2,0.03,2,0.2
"762",4,0.8,0.3,2,0.03,2,0.2
"662",6,0.75,0.3,2,0.03,2,0.2
"562",7,0.7,0.3,2,0.03,2,0.2
"462",10,0.65,0.3,2,0.03,2,0.2
"362",13,0.6,0.3,2,0.03,2,0.2
"262",20,0.55,0.3,2,0.03,2,0.2
"172",32,0.5,0.3,2,0.03,2,0.2
"1163",1,1,0.3,2,0.03,2,0.25
"1063",2,0.95,0.3,2,0.03,2,0.25
"963",3,0.9,0.3,2,0.03,2,0.25
"863",4,0.85,0.3,2,0.03,2,0.25
"763",5,0.8,0.3,2,0.03,2,0.25
"663",7,0.75,0.3,2,0.03,2,0.25
"563",9,0.7,0.3,2,0.03,2,0.25
"463",12,0.65,0.3,2,0.03,2,0.25
"363",17,0.6,0.3,2,0.03,2,0.25
"263",25,0.55,0.3,2,0.03,2,0.25
"173",40,0.5,0.3,2,0.03,2,0.25
"1164",1,1,0.3,2,0.03,2,0.3
"1064",3,0.95,0.3,2,0.03,2,0.3
"964",4,0.9,0.3,2,0.03,2,0.3
"864",5,0.85,0.3,2,0.03,2,0.3
"764",6,0.8,0.3,2,0.03,2,0.3
"664",8,0.75,0.3,2,0.03,2,0.3
"564",10,0.7,0.3,2,0.03,2,0.3
"464",14,0.65,0.3,2,0.03,2,0.3
"364",20,0.6,0.3,2,0.03,2,0.3
"264",30,0.55,0.3,2,0.03,2,0.3
"174",49,0.5,0.3,2,0.03,2,0.3
"1165",1,1,0.3,2,0.03,2,0.35
"1065",3,0.95,0.3,2,0.03,2,0.35
"965",4,0.9,0.3,2,0.03,2,0.35
"865",5,0.85,0.3,2,0.03,2,0.35
"765",7,0.8,0.3,2,0.03,2,0.35
"665",9,0.75,0.3,2,0.03,2,0.35
"565",12,0.7,0.3,2,0.03,2,0.35
"465",16,0.65,0.3,2,0.03,2,0.35
"365",23,0.6,0.3,2,0.03,2,0.35
"265",35,0.55,0.3,2,0.03,2,0.35
"175",57,0.5,0.3,2,0.03,2,0.35
"1166",1,1,0.3,2,0.03,2,0.4
"1066",3,0.95,0.3,2,0.03,2,0.4
"966",4,0.9,0.3,2,0.03,2,0.4
"866",6,0.85,0.3,2,0.03,2,0.4
"766",7,0.8,0.3,2,0.03,2,0.4
"666",10,0.75,0.3,2,0.03,2,0.4
"566",13,0.7,0.3,2,0.03,2,0.4
"466",18,0.65,0.3,2,0.03,2,0.4
"366",26,0.6,0.3,2,0.03,2,0.4
"266",40,0.55,0.3,2,0.03,2,0.4
"176",65,0.5,0.3,2,0.03,2,0.4
"1167",1,1,0.3,2,0.03,2,0.45
"1067",3,0.95,0.3,2,0.03,2,0.45
"967",5,0.9,0.3,2,0.03,2,0.45
"867",6,0.85,0.3,2,0.03,2,0.45
"767",8,0.8,0.3,2,0.03,2,0.45
"667",11,0.75,0.3,2,0.03,2,0.45
"567",15,0.7,0.3,2,0.03,2,0.45
"467",21,0.65,0.3,2,0.03,2,0.45
"367",30,0.6,0.3,2,0.03,2,0.45
"267",45,0.55,0.3,2,0.03,2,0.45
"177",74,0.5,0.3,2,0.03,2,0.45
"1168",1,1,0.3,2,0.03,2,0.5
"1068",4,0.95,0.3,2,0.03,2,0.5
"968",5,0.9,0.3,2,0.03,2,0.5
"868",7,0.85,0.3,2,0.03,2,0.5
"768",9,0.8,0.3,2,0.03,2,0.5
"668",12,0.75,0.3,2,0.03,2,0.5
"568",17,0.7,0.3,2,0.03,2,0.5
"468",23,0.65,0.3,2,0.03,2,0.5
"368",33,0.6,0.3,2,0.03,2,0.5
"268",51,0.55,0.3,2,0.03,2,0.5
"178",83,0.5,0.3,2,0.03,2,0.5
"1169",1,1,0.3,2,0.03,2,0.55
"1069",4,0.95,0.3,2,0.03,2,0.55
"969",5,0.9,0.3,2,0.03,2,0.55
"869",7,0.85,0.3,2,0.03,2,0.55
"769",10,0.8,0.3,2,0.03,2,0.55
"669",13,0.75,0.3,2,0.03,2,0.55
"569",18,0.7,0.3,2,0.03,2,0.55
"469",26,0.65,0.3,2,0.03,2,0.55
"369",37,0.6,0.3,2,0.03,2,0.55
"269",57,0.55,0.3,2,0.03,2,0.55
"179",93,0.5,0.3,2,0.03,2,0.55
"1170",1,1,0.3,2,0.03,2,0.6
"1070",4,0.95,0.3,2,0.03,2,0.6
"970",6,0.9,0.3,2,0.03,2,0.6
"870",8,0.85,0.3,2,0.03,2,0.6
"770",11,0.8,0.3,2,0.03,2,0.6
"670",15,0.75,0.3,2,0.03,2,0.6
"570",20,0.7,0.3,2,0.03,2,0.6
"470",29,0.65,0.3,2,0.03,2,0.6
"370",41,0.6,0.3,2,0.03,2,0.6
"270",63,0.55,0.3,2,0.03,2,0.6
"180",104,0.5,0.3,2,0.03,2,0.6
"1171",1,1,0.3,2,0.03,2,0.65
"1071",4,0.95,0.3,2,0.03,2,0.65
"971",6,0.9,0.3,2,0.03,2,0.65
"871",9,0.85,0.3,2,0.03,2,0.65
"771",12,0.8,0.3,2,0.03,2,0.65
"671",16,0.75,0.3,2,0.03,2,0.65
"571",22,0.7,0.3,2,0.03,2,0.65
"471",32,0.65,0.3,2,0.03,2,0.65
"371",46,0.6,0.3,2,0.03,2,0.65
"271",70,0.55,0.3,2,0.03,2,0.65
"181",115,0.5,0.3,2,0.03,2,0.65
"1172",1,1,0.3,2,0.03,2,0.7
"1072",5,0.95,0.3,2,0.03,2,0.7
"972",7,0.9,0.3,2,0.03,2,0.7
"872",10,0.85,0.3,2,0.03,2,0.7
"772",13,0.8,0.3,2,0.03,2,0.7
"672",18,0.75,0.3,2,0.03,2,0.7
"572",25,0.7,0.3,2,0.03,2,0.7
"472",35,0.65,0.3,2,0.03,2,0.7
"372",51,0.6,0.3,2,0.03,2,0.7
"272",78,0.55,0.3,2,0.03,2,0.7
"182",128,0.5,0.3,2,0.03,2,0.7
"1173",1,1,0.3,2,0.03,2,0.75
"1073",5,0.95,0.3,2,0.03,2,0.75
"973",7,0.9,0.3,2,0.03,2,0.75
"873",11,0.85,0.3,2,0.03,2,0.75
"773",14,0.8,0.3,2,0.03,2,0.75
"673",20,0.75,0.3,2,0.03,2,0.75
"573",28,0.7,0.3,2,0.03,2,0.75
"473",39,0.65,0.3,2,0.03,2,0.75
"373",56,0.6,0.3,2,0.03,2,0.75
"273",86,0.55,0.3,2,0.03,2,0.75
"183",142,0.5,0.3,2,0.03,2,0.75
"1174",1,1,0.3,2,0.03,2,0.8
"1074",5,0.95,0.3,2,0.03,2,0.8
"974",8,0.9,0.3,2,0.03,2,0.8
"874",12,0.85,0.3,2,0.03,2,0.8
"774",16,0.8,0.3,2,0.03,2,0.8
"674",22,0.75,0.3,2,0.03,2,0.8
"574",31,0.7,0.3,2,0.03,2,0.8
"474",43,0.65,0.3,2,0.03,2,0.8
"374",63,0.6,0.3,2,0.03,2,0.8
"274",97,0.55,0.3,2,0.03,2,0.8
"184",159,0.5,0.3,2,0.03,2,0.8
"1175",1,1,0.3,2,0.035,2,0.1
"875",2,0.85,0.3,2,0.035,2,0.1
"975",2,0.9,0.3,2,0.035,2,0.1
"1075",2,0.95,0.3,2,0.035,2,0.1
"675",3,0.75,0.3,2,0.035,2,0.1
"775",3,0.8,0.3,2,0.035,2,0.1
"575",4,0.7,0.3,2,0.035,2,0.1
"475",5,0.65,0.3,2,0.035,2,0.1
"375",6,0.6,0.3,2,0.035,2,0.1
"275",9,0.55,0.3,2,0.035,2,0.1
"185",13,0.5,0.3,2,0.035,2,0.1
"1176",1,1,0.3,2,0.035,2,0.15
"976",2,0.9,0.3,2,0.035,2,0.15
"1076",2,0.95,0.3,2,0.035,2,0.15
"776",3,0.8,0.3,2,0.035,2,0.15
"876",3,0.85,0.3,2,0.035,2,0.15
"676",4,0.75,0.3,2,0.035,2,0.15
"576",5,0.7,0.3,2,0.035,2,0.15
"476",7,0.65,0.3,2,0.035,2,0.15
"376",9,0.6,0.3,2,0.035,2,0.15
"276",14,0.55,0.3,2,0.035,2,0.15
"186",21,0.5,0.3,2,0.035,2,0.15
"1177",1,1,0.3,2,0.035,2,0.2
"1077",2,0.95,0.3,2,0.035,2,0.2
"877",3,0.85,0.3,2,0.035,2,0.2
"977",3,0.9,0.3,2,0.035,2,0.2
"777",4,0.8,0.3,2,0.035,2,0.2
"677",5,0.75,0.3,2,0.035,2,0.2
"577",7,0.7,0.3,2,0.035,2,0.2
"477",9,0.65,0.3,2,0.035,2,0.2
"377",12,0.6,0.3,2,0.035,2,0.2
"277",18,0.55,0.3,2,0.035,2,0.2
"187",29,0.5,0.3,2,0.035,2,0.2
"1178",1,1,0.3,2,0.035,2,0.25
"1078",2,0.95,0.3,2,0.035,2,0.25
"978",3,0.9,0.3,2,0.035,2,0.25
"878",4,0.85,0.3,2,0.035,2,0.25
"778",5,0.8,0.3,2,0.035,2,0.25
"678",6,0.75,0.3,2,0.035,2,0.25
"578",8,0.7,0.3,2,0.035,2,0.25
"478",11,0.65,0.3,2,0.035,2,0.25
"378",15,0.6,0.3,2,0.035,2,0.25
"278",23,0.55,0.3,2,0.035,2,0.25
"188",37,0.5,0.3,2,0.035,2,0.25
"1179",1,1,0.3,2,0.035,2,0.3
"979",3,0.9,0.3,2,0.035,2,0.3
"1079",3,0.95,0.3,2,0.035,2,0.3
"879",4,0.85,0.3,2,0.035,2,0.3
"779",6,0.8,0.3,2,0.035,2,0.3
"679",7,0.75,0.3,2,0.035,2,0.3
"579",10,0.7,0.3,2,0.035,2,0.3
"479",13,0.65,0.3,2,0.035,2,0.3
"379",19,0.6,0.3,2,0.035,2,0.3
"279",28,0.55,0.3,2,0.035,2,0.3
"189",45,0.5,0.3,2,0.035,2,0.3
"1180",1,1,0.3,2,0.035,2,0.35
"1080",3,0.95,0.3,2,0.035,2,0.35
"980",4,0.9,0.3,2,0.035,2,0.35
"880",5,0.85,0.3,2,0.035,2,0.35
"780",6,0.8,0.3,2,0.035,2,0.35
"680",8,0.75,0.3,2,0.035,2,0.35
"580",11,0.7,0.3,2,0.035,2,0.35
"480",15,0.65,0.3,2,0.035,2,0.35
"380",22,0.6,0.3,2,0.035,2,0.35
"280",33,0.55,0.3,2,0.035,2,0.35
"190",53,0.5,0.3,2,0.035,2,0.35
"1181",1,1,0.3,2,0.035,2,0.4
"1081",3,0.95,0.3,2,0.035,2,0.4
"981",4,0.9,0.3,2,0.035,2,0.4
"881",5,0.85,0.3,2,0.035,2,0.4
"781",7,0.8,0.3,2,0.035,2,0.4
"681",9,0.75,0.3,2,0.035,2,0.4
"581",13,0.7,0.3,2,0.035,2,0.4
"481",17,0.65,0.3,2,0.035,2,0.4
"381",25,0.6,0.3,2,0.035,2,0.4
"281",38,0.55,0.3,2,0.035,2,0.4
"191",61,0.5,0.3,2,0.035,2,0.4
"1182",1,1,0.3,2,0.035,2,0.45
"1082",3,0.95,0.3,2,0.035,2,0.45
"982",4,0.9,0.3,2,0.035,2,0.45
"882",6,0.85,0.3,2,0.035,2,0.45
"782",8,0.8,0.3,2,0.035,2,0.45
"682",10,0.75,0.3,2,0.035,2,0.45
"582",14,0.7,0.3,2,0.035,2,0.45
"482",20,0.65,0.3,2,0.035,2,0.45
"382",28,0.6,0.3,2,0.035,2,0.45
"282",43,0.55,0.3,2,0.035,2,0.45
"192",70,0.5,0.3,2,0.035,2,0.45
"1183",1,1,0.3,2,0.035,2,0.5
"1083",3,0.95,0.3,2,0.035,2,0.5
"983",5,0.9,0.3,2,0.035,2,0.5
"883",6,0.85,0.3,2,0.035,2,0.5
"783",9,0.8,0.3,2,0.035,2,0.5
"683",12,0.75,0.3,2,0.035,2,0.5
"583",16,0.7,0.3,2,0.035,2,0.5
"483",22,0.65,0.3,2,0.035,2,0.5
"383",32,0.6,0.3,2,0.035,2,0.5
"283",48,0.55,0.3,2,0.035,2,0.5
"193",79,0.5,0.3,2,0.035,2,0.5
"1184",1,1,0.3,2,0.035,2,0.55
"1084",4,0.95,0.3,2,0.035,2,0.55
"984",5,0.9,0.3,2,0.035,2,0.55
"884",7,0.85,0.3,2,0.035,2,0.55
"784",10,0.8,0.3,2,0.035,2,0.55
"684",13,0.75,0.3,2,0.035,2,0.55
"584",18,0.7,0.3,2,0.035,2,0.55
"484",25,0.65,0.3,2,0.035,2,0.55
"384",35,0.6,0.3,2,0.035,2,0.55
"284",54,0.55,0.3,2,0.035,2,0.55
"194",88,0.5,0.3,2,0.035,2,0.55
"1185",1,1,0.3,2,0.035,2,0.6
"1085",4,0.95,0.3,2,0.035,2,0.6
"985",6,0.9,0.3,2,0.035,2,0.6
"885",8,0.85,0.3,2,0.035,2,0.6
"785",10,0.8,0.3,2,0.035,2,0.6
"685",14,0.75,0.3,2,0.035,2,0.6
"585",19,0.7,0.3,2,0.035,2,0.6
"485",27,0.65,0.3,2,0.035,2,0.6
"385",39,0.6,0.3,2,0.035,2,0.6
"285",60,0.55,0.3,2,0.035,2,0.6
"195",99,0.5,0.3,2,0.035,2,0.6
"1186",1,1,0.3,2,0.035,2,0.65
"1086",4,0.95,0.3,2,0.035,2,0.65
"986",6,0.9,0.3,2,0.035,2,0.65
"886",8,0.85,0.3,2,0.035,2,0.65
"786",11,0.8,0.3,2,0.035,2,0.65
"686",16,0.75,0.3,2,0.035,2,0.65
"586",21,0.7,0.3,2,0.035,2,0.65
"486",30,0.65,0.3,2,0.035,2,0.65
"386",44,0.6,0.3,2,0.035,2,0.65
"286",67,0.55,0.3,2,0.035,2,0.65
"196",110,0.5,0.3,2,0.035,2,0.65
"1187",1,1,0.3,2,0.035,2,0.7
"1087",4,0.95,0.3,2,0.035,2,0.7
"987",7,0.9,0.3,2,0.035,2,0.7
"887",9,0.85,0.3,2,0.035,2,0.7
"787",13,0.8,0.3,2,0.035,2,0.7
"687",17,0.75,0.3,2,0.035,2,0.7
"587",24,0.7,0.3,2,0.035,2,0.7
"487",33,0.65,0.3,2,0.035,2,0.7
"387",49,0.6,0.3,2,0.035,2,0.7
"287",74,0.55,0.3,2,0.035,2,0.7
"197",122,0.5,0.3,2,0.035,2,0.7
"1188",1,1,0.3,2,0.035,2,0.75
"1088",5,0.95,0.3,2,0.035,2,0.75
"988",7,0.9,0.3,2,0.035,2,0.75
"888",10,0.85,0.3,2,0.035,2,0.75
"788",14,0.8,0.3,2,0.035,2,0.75
"688",19,0.75,0.3,2,0.035,2,0.75
"588",26,0.7,0.3,2,0.035,2,0.75
"488",37,0.65,0.3,2,0.035,2,0.75
"388",54,0.6,0.3,2,0.035,2,0.75
"288",83,0.55,0.3,2,0.035,2,0.75
"198",136,0.5,0.3,2,0.035,2,0.75
"1189",1,1,0.3,2,0.035,2,0.8
"1089",5,0.95,0.3,2,0.035,2,0.8
"989",8,0.9,0.3,2,0.035,2,0.8
"889",11,0.85,0.3,2,0.035,2,0.8
"789",15,0.8,0.3,2,0.035,2,0.8
"689",21,0.75,0.3,2,0.035,2,0.8
"589",29,0.7,0.3,2,0.035,2,0.8
"489",42,0.65,0.3,2,0.035,2,0.8
"389",61,0.6,0.3,2,0.035,2,0.8
"289",93,0.55,0.3,2,0.035,2,0.8
"199",153,0.5,0.3,2,0.035,2,0.8
"1190",1,1,0.3,2,0.04,2,0.1
"790",2,0.8,0.3,2,0.04,2,0.1
"890",2,0.85,0.3,2,0.04,2,0.1
"990",2,0.9,0.3,2,0.04,2,0.1
"1090",2,0.95,0.3,2,0.04,2,0.1
"590",3,0.7,0.3,2,0.04,2,0.1
"690",3,0.75,0.3,2,0.04,2,0.1
"490",4,0.65,0.3,2,0.04,2,0.1
"390",6,0.6,0.3,2,0.04,2,0.1
"290",8,0.55,0.3,2,0.04,2,0.1
"1100",12,0.5,0.3,2,0.04,2,0.1
"1191",1,1,0.3,2,0.04,2,0.15
"991",2,0.9,0.3,2,0.04,2,0.15
"1091",2,0.95,0.3,2,0.04,2,0.15
"791",3,0.8,0.3,2,0.04,2,0.15
"891",3,0.85,0.3,2,0.04,2,0.15
"691",4,0.75,0.3,2,0.04,2,0.15
"591",5,0.7,0.3,2,0.04,2,0.15
"491",6,0.65,0.3,2,0.04,2,0.15
"391",9,0.6,0.3,2,0.04,2,0.15
"291",12,0.55,0.3,2,0.04,2,0.15
"1101",19,0.5,0.3,2,0.04,2,0.15
"1192",1,1,0.3,2,0.04,2,0.2
"1092",2,0.95,0.3,2,0.04,2,0.2
"892",3,0.85,0.3,2,0.04,2,0.2
"992",3,0.9,0.3,2,0.04,2,0.2
"792",4,0.8,0.3,2,0.04,2,0.2
"692",5,0.75,0.3,2,0.04,2,0.2
"592",6,0.7,0.3,2,0.04,2,0.2
"492",8,0.65,0.3,2,0.04,2,0.2
"392",11,0.6,0.3,2,0.04,2,0.2
"292",17,0.55,0.3,2,0.04,2,0.2
"1102",27,0.5,0.3,2,0.04,2,0.2
"1193",1,1,0.3,2,0.04,2,0.25
"1093",2,0.95,0.3,2,0.04,2,0.25
"993",3,0.9,0.3,2,0.04,2,0.25
"893",4,0.85,0.3,2,0.04,2,0.25
"793",5,0.8,0.3,2,0.04,2,0.25
"693",6,0.75,0.3,2,0.04,2,0.25
"593",8,0.7,0.3,2,0.04,2,0.25
"493",10,0.65,0.3,2,0.04,2,0.25
"393",14,0.6,0.3,2,0.04,2,0.25
"293",21,0.55,0.3,2,0.04,2,0.25
"1103",35,0.5,0.3,2,0.04,2,0.25
"1194",1,1,0.3,2,0.04,2,0.3
"994",3,0.9,0.3,2,0.04,2,0.3
"1094",3,0.95,0.3,2,0.04,2,0.3
"894",4,0.85,0.3,2,0.04,2,0.3
"794",5,0.8,0.3,2,0.04,2,0.3
"694",7,0.75,0.3,2,0.04,2,0.3
"594",9,0.7,0.3,2,0.04,2,0.3
"494",12,0.65,0.3,2,0.04,2,0.3
"394",17,0.6,0.3,2,0.04,2,0.3
"294",26,0.55,0.3,2,0.04,2,0.3
"1104",42,0.5,0.3,2,0.04,2,0.3
"1195",1,1,0.3,2,0.04,2,0.35
"1095",3,0.95,0.3,2,0.04,2,0.35
"995",4,0.9,0.3,2,0.04,2,0.35
"895",5,0.85,0.3,2,0.04,2,0.35
"795",6,0.8,0.3,2,0.04,2,0.35
"695",8,0.75,0.3,2,0.04,2,0.35
"595",10,0.7,0.3,2,0.04,2,0.35
"495",14,0.65,0.3,2,0.04,2,0.35
"395",20,0.6,0.3,2,0.04,2,0.35
"295",31,0.55,0.3,2,0.04,2,0.35
"1105",50,0.5,0.3,2,0.04,2,0.35
"1196",1,1,0.3,2,0.04,2,0.4
"1096",3,0.95,0.3,2,0.04,2,0.4
"996",4,0.9,0.3,2,0.04,2,0.4
"896",5,0.85,0.3,2,0.04,2,0.4
"796",7,0.8,0.3,2,0.04,2,0.4
"696",9,0.75,0.3,2,0.04,2,0.4
"596",12,0.7,0.3,2,0.04,2,0.4
"496",16,0.65,0.3,2,0.04,2,0.4
"396",24,0.6,0.3,2,0.04,2,0.4
"296",35,0.55,0.3,2,0.04,2,0.4
"1106",58,0.5,0.3,2,0.04,2,0.4
"1197",1,1,0.3,2,0.04,2,0.45
"1097",3,0.95,0.3,2,0.04,2,0.45
"997",4,0.9,0.3,2,0.04,2,0.45
"897",6,0.85,0.3,2,0.04,2,0.45
"797",7,0.8,0.3,2,0.04,2,0.45
"697",10,0.75,0.3,2,0.04,2,0.45
"597",13,0.7,0.3,2,0.04,2,0.45
"497",19,0.65,0.3,2,0.04,2,0.45
"397",27,0.6,0.3,2,0.04,2,0.45
"297",40,0.55,0.3,2,0.04,2,0.45
"1107",66,0.5,0.3,2,0.04,2,0.45
"1198",1,1,0.3,2,0.04,2,0.5
"1098",3,0.95,0.3,2,0.04,2,0.5
"998",5,0.9,0.3,2,0.04,2,0.5
"898",6,0.85,0.3,2,0.04,2,0.5
"798",8,0.8,0.3,2,0.04,2,0.5
"698",11,0.75,0.3,2,0.04,2,0.5
"598",15,0.7,0.3,2,0.04,2,0.5
"498",21,0.65,0.3,2,0.04,2,0.5
"398",30,0.6,0.3,2,0.04,2,0.5
"298",46,0.55,0.3,2,0.04,2,0.5
"1108",75,0.5,0.3,2,0.04,2,0.5
"1199",1,1,0.3,2,0.04,2,0.55
"1099",4,0.95,0.3,2,0.04,2,0.55
"999",5,0.9,0.3,2,0.04,2,0.55
"899",7,0.85,0.3,2,0.04,2,0.55
"799",9,0.8,0.3,2,0.04,2,0.55
"699",12,0.75,0.3,2,0.04,2,0.55
"599",17,0.7,0.3,2,0.04,2,0.55
"499",23,0.65,0.3,2,0.04,2,0.55
"399",34,0.6,0.3,2,0.04,2,0.55
"299",51,0.55,0.3,2,0.04,2,0.55
"1109",84,0.5,0.3,2,0.04,2,0.55
"11100",1,1,0.3,2,0.04,2,0.6
"10100",4,0.95,0.3,2,0.04,2,0.6
"9100",5,0.9,0.3,2,0.04,2,0.6
"8100",7,0.85,0.3,2,0.04,2,0.6
"7100",10,0.8,0.3,2,0.04,2,0.6
"6100",14,0.75,0.3,2,0.04,2,0.6
"5100",19,0.7,0.3,2,0.04,2,0.6
"4100",26,0.65,0.3,2,0.04,2,0.6
"3100",38,0.6,0.3,2,0.04,2,0.6
"2100",57,0.55,0.3,2,0.04,2,0.6
"1200",94,0.5,0.3,2,0.04,2,0.6
"11101",1,1,0.3,2,0.04,2,0.65
"10101",4,0.95,0.3,2,0.04,2,0.65
"9101",6,0.9,0.3,2,0.04,2,0.65
"8101",8,0.85,0.3,2,0.04,2,0.65
"7101",11,0.8,0.3,2,0.04,2,0.65
"6101",15,0.75,0.3,2,0.04,2,0.65
"5101",21,0.7,0.3,2,0.04,2,0.65
"4101",29,0.65,0.3,2,0.04,2,0.65
"3101",42,0.6,0.3,2,0.04,2,0.65
"2101",64,0.55,0.3,2,0.04,2,0.65
"1201",105,0.5,0.3,2,0.04,2,0.65
"11102",1,1,0.3,2,0.04,2,0.7
"10102",4,0.95,0.3,2,0.04,2,0.7
"9102",6,0.9,0.3,2,0.04,2,0.7
"8102",9,0.85,0.3,2,0.04,2,0.7
"7102",12,0.8,0.3,2,0.04,2,0.7
"6102",17,0.75,0.3,2,0.04,2,0.7
"5102",23,0.7,0.3,2,0.04,2,0.7
"4102",32,0.65,0.3,2,0.04,2,0.7
"3102",47,0.6,0.3,2,0.04,2,0.7
"2102",71,0.55,0.3,2,0.04,2,0.7
"1202",117,0.5,0.3,2,0.04,2,0.7
"11103",1,1,0.3,2,0.04,2,0.75
"10103",5,0.95,0.3,2,0.04,2,0.75
"9103",7,0.9,0.3,2,0.04,2,0.75
"8103",10,0.85,0.3,2,0.04,2,0.75
"7103",13,0.8,0.3,2,0.04,2,0.75
"6103",18,0.75,0.3,2,0.04,2,0.75
"5103",25,0.7,0.3,2,0.04,2,0.75
"4103",36,0.65,0.3,2,0.04,2,0.75
"3103",52,0.6,0.3,2,0.04,2,0.75
"2103",80,0.55,0.3,2,0.04,2,0.75
"1203",131,0.5,0.3,2,0.04,2,0.75
"11104",1,1,0.3,2,0.04,2,0.8
"10104",5,0.95,0.3,2,0.04,2,0.8
"9104",8,0.9,0.3,2,0.04,2,0.8
"8104",11,0.85,0.3,2,0.04,2,0.8
"7104",15,0.8,0.3,2,0.04,2,0.8
"6104",21,0.75,0.3,2,0.04,2,0.8
"5104",28,0.7,0.3,2,0.04,2,0.8
"4104",40,0.65,0.3,2,0.04,2,0.8
"3104",58,0.6,0.3,2,0.04,2,0.8
"2104",89,0.55,0.3,2,0.04,2,0.8
"1204",147,0.5,0.3,2,0.04,2,0.8
"11105",1,1,0.3,2,0.045,2,0.1
"7105",2,0.8,0.3,2,0.045,2,0.1
"8105",2,0.85,0.3,2,0.045,2,0.1
"9105",2,0.9,0.3,2,0.045,2,0.1
"10105",2,0.95,0.3,2,0.045,2,0.1
"5105",3,0.7,0.3,2,0.045,2,0.1
"6105",3,0.75,0.3,2,0.045,2,0.1
"4105",4,0.65,0.3,2,0.045,2,0.1
"3105",5,0.6,0.3,2,0.045,2,0.1
"2105",7,0.55,0.3,2,0.045,2,0.1
"1205",11,0.5,0.3,2,0.045,2,0.1
"11106",1,1,0.3,2,0.045,2,0.15
"9106",2,0.9,0.3,2,0.045,2,0.15
"10106",2,0.95,0.3,2,0.045,2,0.15
"7106",3,0.8,0.3,2,0.045,2,0.15
"8106",3,0.85,0.3,2,0.045,2,0.15
"6106",4,0.75,0.3,2,0.045,2,0.15
"5106",5,0.7,0.3,2,0.045,2,0.15
"4106",6,0.65,0.3,2,0.045,2,0.15
"3106",8,0.6,0.3,2,0.045,2,0.15
"2106",11,0.55,0.3,2,0.045,2,0.15
"1206",18,0.5,0.3,2,0.045,2,0.15
"11107",1,1,0.3,2,0.045,2,0.2
"10107",2,0.95,0.3,2,0.045,2,0.2
"8107",3,0.85,0.3,2,0.045,2,0.2
"9107",3,0.9,0.3,2,0.045,2,0.2
"7107",4,0.8,0.3,2,0.045,2,0.2
"6107",5,0.75,0.3,2,0.045,2,0.2
"5107",6,0.7,0.3,2,0.045,2,0.2
"4107",8,0.65,0.3,2,0.045,2,0.2
"3107",11,0.6,0.3,2,0.045,2,0.2
"2107",16,0.55,0.3,2,0.045,2,0.2
"1207",25,0.5,0.3,2,0.045,2,0.2
"11108",1,1,0.3,2,0.045,2,0.25
"10108",2,0.95,0.3,2,0.045,2,0.25
"8108",3,0.85,0.3,2,0.045,2,0.25
"9108",3,0.9,0.3,2,0.045,2,0.25
"7108",4,0.8,0.3,2,0.045,2,0.25
"6108",6,0.75,0.3,2,0.045,2,0.25
"5108",7,0.7,0.3,2,0.045,2,0.25
"4108",10,0.65,0.3,2,0.045,2,0.25
"3108",14,0.6,0.3,2,0.045,2,0.25
"2108",20,0.55,0.3,2,0.045,2,0.25
"1208",32,0.5,0.3,2,0.045,2,0.25
"11109",1,1,0.3,2,0.045,2,0.3
"10109",2,0.95,0.3,2,0.045,2,0.3
"9109",3,0.9,0.3,2,0.045,2,0.3
"8109",4,0.85,0.3,2,0.045,2,0.3
"7109",5,0.8,0.3,2,0.045,2,0.3
"6109",6,0.75,0.3,2,0.045,2,0.3
"5109",9,0.7,0.3,2,0.045,2,0.3
"4109",12,0.65,0.3,2,0.045,2,0.3
"3109",16,0.6,0.3,2,0.045,2,0.3
"2109",24,0.55,0.3,2,0.045,2,0.3
"1209",40,0.5,0.3,2,0.045,2,0.3
"11110",1,1,0.3,2,0.045,2,0.35
"9110",3,0.9,0.3,2,0.045,2,0.35
"10110",3,0.95,0.3,2,0.045,2,0.35
"8110",4,0.85,0.3,2,0.045,2,0.35
"7110",6,0.8,0.3,2,0.045,2,0.35
"6110",7,0.75,0.3,2,0.045,2,0.35
"5110",10,0.7,0.3,2,0.045,2,0.35
"4110",14,0.65,0.3,2,0.045,2,0.35
"3110",19,0.6,0.3,2,0.045,2,0.35
"2110",29,0.55,0.3,2,0.045,2,0.35
"1210",47,0.5,0.3,2,0.045,2,0.35
"11111",1,1,0.3,2,0.045,2,0.4
"10111",3,0.95,0.3,2,0.045,2,0.4
"9111",4,0.9,0.3,2,0.045,2,0.4
"8111",5,0.85,0.3,2,0.045,2,0.4
"7111",6,0.8,0.3,2,0.045,2,0.4
"6111",8,0.75,0.3,2,0.045,2,0.4
"5111",11,0.7,0.3,2,0.045,2,0.4
"4111",16,0.65,0.3,2,0.045,2,0.4
"3111",22,0.6,0.3,2,0.045,2,0.4
"2111",34,0.55,0.3,2,0.045,2,0.4
"1211",55,0.5,0.3,2,0.045,2,0.4
"11112",1,1,0.3,2,0.045,2,0.45
"10112",3,0.95,0.3,2,0.045,2,0.45
"9112",4,0.9,0.3,2,0.045,2,0.45
"8112",5,0.85,0.3,2,0.045,2,0.45
"7112",7,0.8,0.3,2,0.045,2,0.45
"6112",10,0.75,0.3,2,0.045,2,0.45
"5112",13,0.7,0.3,2,0.045,2,0.45
"4112",18,0.65,0.3,2,0.045,2,0.45
"3112",25,0.6,0.3,2,0.045,2,0.45
"2112",39,0.55,0.3,2,0.045,2,0.45
"1212",63,0.5,0.3,2,0.045,2,0.45
"11113",1,1,0.3,2,0.045,2,0.5
"10113",3,0.95,0.3,2,0.045,2,0.5
"9113",4,0.9,0.3,2,0.045,2,0.5
"8113",6,0.85,0.3,2,0.045,2,0.5
"7113",8,0.8,0.3,2,0.045,2,0.5
"6113",11,0.75,0.3,2,0.045,2,0.5
"5113",14,0.7,0.3,2,0.045,2,0.5
"4113",20,0.65,0.3,2,0.045,2,0.5
"3113",29,0.6,0.3,2,0.045,2,0.5
"2113",44,0.55,0.3,2,0.045,2,0.5
"1213",71,0.5,0.3,2,0.045,2,0.5
"11114",1,1,0.3,2,0.045,2,0.55
"10114",3,0.95,0.3,2,0.045,2,0.55
"9114",5,0.9,0.3,2,0.045,2,0.55
"8114",7,0.85,0.3,2,0.045,2,0.55
"7114",9,0.8,0.3,2,0.045,2,0.55
"6114",12,0.75,0.3,2,0.045,2,0.55
"5114",16,0.7,0.3,2,0.045,2,0.55
"4114",22,0.65,0.3,2,0.045,2,0.55
"3114",32,0.6,0.3,2,0.045,2,0.55
"2114",49,0.55,0.3,2,0.045,2,0.55
"1214",80,0.5,0.3,2,0.045,2,0.55
"11115",1,1,0.3,2,0.045,2,0.6
"10115",4,0.95,0.3,2,0.045,2,0.6
"9115",5,0.9,0.3,2,0.045,2,0.6
"8115",7,0.85,0.3,2,0.045,2,0.6
"7115",10,0.8,0.3,2,0.045,2,0.6
"6115",13,0.75,0.3,2,0.045,2,0.6
"5115",18,0.7,0.3,2,0.045,2,0.6
"4115",25,0.65,0.3,2,0.045,2,0.6
"3115",36,0.6,0.3,2,0.045,2,0.6
"2115",55,0.55,0.3,2,0.045,2,0.6
"1215",90,0.5,0.3,2,0.045,2,0.6
"11116",1,1,0.3,2,0.045,2,0.65
"10116",4,0.95,0.3,2,0.045,2,0.65
"9116",6,0.9,0.3,2,0.045,2,0.65
"8116",8,0.85,0.3,2,0.045,2,0.65
"7116",11,0.8,0.3,2,0.045,2,0.65
"6116",14,0.75,0.3,2,0.045,2,0.65
"5116",20,0.7,0.3,2,0.045,2,0.65
"4116",28,0.65,0.3,2,0.045,2,0.65
"3116",40,0.6,0.3,2,0.045,2,0.65
"2116",61,0.55,0.3,2,0.045,2,0.65
"1216",101,0.5,0.3,2,0.045,2,0.65
"11117",1,1,0.3,2,0.045,2,0.7
"10117",4,0.95,0.3,2,0.045,2,0.7
"9117",6,0.9,0.3,2,0.045,2,0.7
"8117",9,0.85,0.3,2,0.045,2,0.7
"7117",12,0.8,0.3,2,0.045,2,0.7
"6117",16,0.75,0.3,2,0.045,2,0.7
"5117",22,0.7,0.3,2,0.045,2,0.7
"4117",31,0.65,0.3,2,0.045,2,0.7
"3117",45,0.6,0.3,2,0.045,2,0.7
"2117",69,0.55,0.3,2,0.045,2,0.7
"1217",113,0.5,0.3,2,0.045,2,0.7
"11118",1,1,0.3,2,0.045,2,0.75
"10118",5,0.95,0.3,2,0.045,2,0.75
"9118",7,0.9,0.3,2,0.045,2,0.75
"8118",10,0.85,0.3,2,0.045,2,0.75
"7118",13,0.8,0.3,2,0.045,2,0.75
"6118",18,0.75,0.3,2,0.045,2,0.75
"5118",25,0.7,0.3,2,0.045,2,0.75
"4118",35,0.65,0.3,2,0.045,2,0.75
"3118",50,0.6,0.3,2,0.045,2,0.75
"2118",77,0.55,0.3,2,0.045,2,0.75
"1218",126,0.5,0.3,2,0.045,2,0.75
"11119",1,1,0.3,2,0.045,2,0.8
"10119",5,0.95,0.3,2,0.045,2,0.8
"9119",7,0.9,0.3,2,0.045,2,0.8
"8119",11,0.85,0.3,2,0.045,2,0.8
"7119",15,0.8,0.3,2,0.045,2,0.8
"6119",20,0.75,0.3,2,0.045,2,0.8
"5119",28,0.7,0.3,2,0.045,2,0.8
"4119",39,0.65,0.3,2,0.045,2,0.8
"3119",57,0.6,0.3,2,0.045,2,0.8
"2119",86,0.55,0.3,2,0.045,2,0.8
"1219",142,0.5,0.3,2,0.045,2,0.8
"11120",1,1,0.3,2,0.05,2,0.1
"7120",2,0.8,0.3,2,0.05,2,0.1
"8120",2,0.85,0.3,2,0.05,2,0.1
"9120",2,0.9,0.3,2,0.05,2,0.1
"10120",2,0.95,0.3,2,0.05,2,0.1
"5120",3,0.7,0.3,2,0.05,2,0.1
"6120",3,0.75,0.3,2,0.05,2,0.1
"4120",4,0.65,0.3,2,0.05,2,0.1
"3120",5,0.6,0.3,2,0.05,2,0.1
"2120",6,0.55,0.3,2,0.05,2,0.1
"1220",10,0.5,0.3,2,0.05,2,0.1
"11121",1,1,0.3,2,0.05,2,0.15
"8121",2,0.85,0.3,2,0.05,2,0.15
"9121",2,0.9,0.3,2,0.05,2,0.15
"10121",2,0.95,0.3,2,0.05,2,0.15
"6121",3,0.75,0.3,2,0.05,2,0.15
"7121",3,0.8,0.3,2,0.05,2,0.15
"5121",4,0.7,0.3,2,0.05,2,0.15
"4121",5,0.65,0.3,2,0.05,2,0.15
"3121",7,0.6,0.3,2,0.05,2,0.15
"2121",10,0.55,0.3,2,0.05,2,0.15
"1221",16,0.5,0.3,2,0.05,2,0.15
"11122",1,1,0.3,2,0.05,2,0.2
"9122",2,0.9,0.3,2,0.05,2,0.2
"10122",2,0.95,0.3,2,0.05,2,0.2
"8122",3,0.85,0.3,2,0.05,2,0.2
"6122",4,0.75,0.3,2,0.05,2,0.2
"7122",4,0.8,0.3,2,0.05,2,0.2
"5122",6,0.7,0.3,2,0.05,2,0.2
"4122",7,0.65,0.3,2,0.05,2,0.2
"3122",10,0.6,0.3,2,0.05,2,0.2
"2122",15,0.55,0.3,2,0.05,2,0.2
"1222",23,0.5,0.3,2,0.05,2,0.2
"11123",1,1,0.3,2,0.05,2,0.25
"10123",2,0.95,0.3,2,0.05,2,0.25
"8123",3,0.85,0.3,2,0.05,2,0.25
"9123",3,0.9,0.3,2,0.05,2,0.25
"7123",4,0.8,0.3,2,0.05,2,0.25
"6123",5,0.75,0.3,2,0.05,2,0.25
"5123",7,0.7,0.3,2,0.05,2,0.25
"4123",9,0.65,0.3,2,0.05,2,0.25
"3123",13,0.6,0.3,2,0.05,2,0.25
"2123",19,0.55,0.3,2,0.05,2,0.25
"1223",30,0.5,0.3,2,0.05,2,0.25
"11124",1,1,0.3,2,0.05,2,0.3
"10124",2,0.95,0.3,2,0.05,2,0.3
"9124",3,0.9,0.3,2,0.05,2,0.3
"8124",4,0.85,0.3,2,0.05,2,0.3
"7124",5,0.8,0.3,2,0.05,2,0.3
"6124",6,0.75,0.3,2,0.05,2,0.3
"5124",8,0.7,0.3,2,0.05,2,0.3
"4124",11,0.65,0.3,2,0.05,2,0.3
"3124",16,0.6,0.3,2,0.05,2,0.3
"2124",23,0.55,0.3,2,0.05,2,0.3
"1224",37,0.5,0.3,2,0.05,2,0.3
"11125",1,1,0.3,2,0.05,2,0.35
"9125",3,0.9,0.3,2,0.05,2,0.35
"10125",3,0.95,0.3,2,0.05,2,0.35
"8125",4,0.85,0.3,2,0.05,2,0.35
"7125",5,0.8,0.3,2,0.05,2,0.35
"6125",7,0.75,0.3,2,0.05,2,0.35
"5125",9,0.7,0.3,2,0.05,2,0.35
"4125",13,0.65,0.3,2,0.05,2,0.35
"3125",18,0.6,0.3,2,0.05,2,0.35
"2125",27,0.55,0.3,2,0.05,2,0.35
"1225",45,0.5,0.3,2,0.05,2,0.35
"11126",1,1,0.3,2,0.05,2,0.4
"10126",3,0.95,0.3,2,0.05,2,0.4
"9126",4,0.9,0.3,2,0.05,2,0.4
"8126",5,0.85,0.3,2,0.05,2,0.4
"7126",6,0.8,0.3,2,0.05,2,0.4
"6126",8,0.75,0.3,2,0.05,2,0.4
"5126",11,0.7,0.3,2,0.05,2,0.4
"4126",15,0.65,0.3,2,0.05,2,0.4
"3126",21,0.6,0.3,2,0.05,2,0.4
"2126",32,0.55,0.3,2,0.05,2,0.4
"1226",52,0.5,0.3,2,0.05,2,0.4
"11127",1,1,0.3,2,0.05,2,0.45
"10127",3,0.95,0.3,2,0.05,2,0.45
"9127",4,0.9,0.3,2,0.05,2,0.45
"8127",5,0.85,0.3,2,0.05,2,0.45
"7127",7,0.8,0.3,2,0.05,2,0.45
"6127",9,0.75,0.3,2,0.05,2,0.45
"5127",12,0.7,0.3,2,0.05,2,0.45
"4127",17,0.65,0.3,2,0.05,2,0.45
"3127",24,0.6,0.3,2,0.05,2,0.45
"2127",37,0.55,0.3,2,0.05,2,0.45
"1227",60,0.5,0.3,2,0.05,2,0.45
"11128",1,1,0.3,2,0.05,2,0.5
"10128",3,0.95,0.3,2,0.05,2,0.5
"9128",4,0.9,0.3,2,0.05,2,0.5
"8128",6,0.85,0.3,2,0.05,2,0.5
"7128",8,0.8,0.3,2,0.05,2,0.5
"6128",10,0.75,0.3,2,0.05,2,0.5
"5128",14,0.7,0.3,2,0.05,2,0.5
"4128",19,0.65,0.3,2,0.05,2,0.5
"3128",28,0.6,0.3,2,0.05,2,0.5
"2128",42,0.55,0.3,2,0.05,2,0.5
"1228",68,0.5,0.3,2,0.05,2,0.5
"11129",1,1,0.3,2,0.05,2,0.55
"10129",3,0.95,0.3,2,0.05,2,0.55
"9129",5,0.9,0.3,2,0.05,2,0.55
"8129",6,0.85,0.3,2,0.05,2,0.55
"7129",8,0.8,0.3,2,0.05,2,0.55
"6129",11,0.75,0.3,2,0.05,2,0.55
"5129",15,0.7,0.3,2,0.05,2,0.55
"4129",22,0.65,0.3,2,0.05,2,0.55
"3129",31,0.6,0.3,2,0.05,2,0.55
"2129",47,0.55,0.3,2,0.05,2,0.55
"1229",77,0.5,0.3,2,0.05,2,0.55
"11130",1,1,0.3,2,0.05,2,0.6
"10130",4,0.95,0.3,2,0.05,2,0.6
"9130",5,0.9,0.3,2,0.05,2,0.6
"8130",7,0.85,0.3,2,0.05,2,0.6
"7130",9,0.8,0.3,2,0.05,2,0.6
"6130",13,0.75,0.3,2,0.05,2,0.6
"5130",17,0.7,0.3,2,0.05,2,0.6
"4130",24,0.65,0.3,2,0.05,2,0.6
"3130",35,0.6,0.3,2,0.05,2,0.6
"2130",53,0.55,0.3,2,0.05,2,0.6
"1230",87,0.5,0.3,2,0.05,2,0.6
"11131",1,1,0.3,2,0.05,2,0.65
"10131",4,0.95,0.3,2,0.05,2,0.65
"9131",6,0.9,0.3,2,0.05,2,0.65
"8131",8,0.85,0.3,2,0.05,2,0.65
"7131",10,0.8,0.3,2,0.05,2,0.65
"6131",14,0.75,0.3,2,0.05,2,0.65
"5131",19,0.7,0.3,2,0.05,2,0.65
"4131",27,0.65,0.3,2,0.05,2,0.65
"3131",39,0.6,0.3,2,0.05,2,0.65
"2131",59,0.55,0.3,2,0.05,2,0.65
"1231",97,0.5,0.3,2,0.05,2,0.65
"11132",1,1,0.3,2,0.05,2,0.7
"10132",4,0.95,0.3,2,0.05,2,0.7
"9132",6,0.9,0.3,2,0.05,2,0.7
"8132",8,0.85,0.3,2,0.05,2,0.7
"7132",11,0.8,0.3,2,0.05,2,0.7
"6132",16,0.75,0.3,2,0.05,2,0.7
"5132",21,0.7,0.3,2,0.05,2,0.7
"4132",30,0.65,0.3,2,0.05,2,0.7
"3132",43,0.6,0.3,2,0.05,2,0.7
"2132",66,0.55,0.3,2,0.05,2,0.7
"1232",109,0.5,0.3,2,0.05,2,0.7
"11133",1,1,0.3,2,0.05,2,0.75
"10133",4,0.95,0.3,2,0.05,2,0.75
"9133",7,0.9,0.3,2,0.05,2,0.75
"8133",9,0.85,0.3,2,0.05,2,0.75
"7133",13,0.8,0.3,2,0.05,2,0.75
"6133",17,0.75,0.3,2,0.05,2,0.75
"5133",24,0.7,0.3,2,0.05,2,0.75
"4133",33,0.65,0.3,2,0.05,2,0.75
"3133",49,0.6,0.3,2,0.05,2,0.75
"2133",74,0.55,0.3,2,0.05,2,0.75
"1233",122,0.5,0.3,2,0.05,2,0.75
"11134",1,1,0.3,2,0.05,2,0.8
"10134",5,0.95,0.3,2,0.05,2,0.8
"9134",7,0.9,0.3,2,0.05,2,0.8
"8134",10,0.85,0.3,2,0.05,2,0.8
"7134",14,0.8,0.3,2,0.05,2,0.8
"6134",19,0.75,0.3,2,0.05,2,0.8
"5134",27,0.7,0.3,2,0.05,2,0.8
"4134",38,0.65,0.3,2,0.05,2,0.8
"3134",55,0.6,0.3,2,0.05,2,0.8
"2134",84,0.55,0.3,2,0.05,2,0.8
"1234",138,0.5,0.3,2,0.05,2,0.8
