"","n","r","alpha","power"
"9",7.98222728094072,0.5,0.01,0.1
"8",9.47073434674615,0.45,0.01,0.1
"7",11.5927444057251,0.4,0.01,0.1
"6",14.7322002232688,0.35,0.01,0.1
"5",19.6149010636372,0.3,0.01,0.1
"4",27.7582911835752,0.25,0.01,0.1
"3",42.7949370733705,0.2,0.01,0.1
"2",75.3279560960053,0.15,0.01,0.1
"1",168.331317680527,0.1,0.01,0.1
"91",10.1472106664402,0.5,0.01,0.15
"81",12.3178186558471,0.45,0.01,0.15
"71",15.3803463386656,0.4,0.01,0.15
"61",19.8752050822926,0.35,0.01,0.15
"51",26.8281143105818,0.3,0.01,0.15
"41",38.3864012900256,0.25,0.01,0.15
"31",59.6914925285067,0.2,0.01,0.15
"21",105.749596528153,0.15,0.01,0.15
"11",237.377041759416,0.1,0.01,0.15
"92",12.1956468500244,0.5,0.01,0.2
"82",14.9817032382886,0.45,0.01,0.2
"72",18.895809402854,0.4,0.01,0.2
"62",24.6235242093153,0.35,0.01,0.2
"52",33.4669315789653,0.3,0.01,0.2
"42",48.1517441181019,0.25,0.01,0.2
"32",75.2039011278183,0.2,0.01,0.2
"22",133.669847571938,0.15,0.01,0.2
"12",300.738726584905,0.1,0.01,0.2
"93",14.171134269443,0.5,0.01,0.25
"83",17.5383613250871,0.45,0.01,0.25
"73",22.2589039398168,0.4,0.01,0.25
"63",29.1571002261634,0.35,0.01,0.25
"53",39.7981758283783,0.3,0.01,0.25
"43",57.4589095848508,0.25,0.01,0.25
"33",89.9840319128531,0.2,0.01,0.25
"23",160.268718134537,0.15,0.01,0.25
"13",361.099076600601,0.1,0.01,0.25
"94",16.1117430056227,0.5,0.01,0.3
"84",20.0436791351129,0.45,0.01,0.3
"74",25.5492865010013,0.4,0.01,0.3
"64",33.5883157359884,0.35,0.01,0.3
"54",45.9829960624853,0.3,0.01,0.3
"44",66.5480578365525,0.25,0.01,0.3
"34",104.41577430323,0.2,0.01,0.3
"24",186.238917123221,0.15,0.01,0.3
"14",420.03146563451,0.1,0.01,0.3
"95",18.0483052369559,0.5,0.01,0.35
"85",22.5402890732459,0.45,0.01,0.35
"75",28.8252461927676,0.4,0.01,0.35
"65",37.997613389507,0.35,0.01,0.35
"55",52.1352971806915,0.3,0.01,0.35
"45",75.5877697633847,0.25,0.01,0.35
"35",118.767765470682,0.2,0.01,0.35
"25",212.064589418481,0.15,0.01,0.35
"15",478.63508577131,0.1,0.01,0.35
"96",20.0077458165798,0.5,0.01,0.4
"86",25.064043772197,0.45,0.01,0.4
"76",32.1349458742679,0.4,0.01,0.4
"66",42.4507735032981,0.35,0.01,0.4
"56",58.347520922996,0.3,0.01,0.4
"46",84.7144980828898,0.25,0.01,0.4
"36",133.257015581763,0.2,0.01,0.4
"26",238.136577950677,0.15,0.01,0.4
"16",537.79711026935,0.1,0.01,0.4
"97",22.0156196673111,0.5,0.01,0.45
"87",27.6486530780881,0.45,0.01,0.45
"77",35.5231391806737,0.4,0.01,0.45
"67",47.008492860982,0.35,0.01,0.45
"57",64.7045926730737,0.3,0.01,0.45
"47",94.0533360752218,0.25,0.01,0.45
"37",148.08242821849,0.2,0.01,0.45
"27",264.812939230351,0.15,0.01,0.45
"17",598.330217857596,0.1,0.01,0.45
"98",24.0988627273325,0.5,0.01,0.5
"88",30.3290752717923,0.45,0.01,0.5
"78",39.0359523584129,0.4,0.01,0.5
"68",51.7330221332529,0.35,0.01,0.5
"58",71.2937044402651,0.3,0.01,0.5
"48",103.732450717251,0.25,0.01,0.5
"38",163.447588171977,0.2,0.01,0.5
"28",292.460161739749,0.15,0.01,0.5
"18",661.065881314101,0.1,0.01,0.5
"99",26.2880318552655,0.5,0.01,0.55
"89",33.1449521010437,0.45,0.01,0.55
"79",42.7255064054233,0.4,0.01,0.55
"69",56.6945979328598,0.35,0.01,0.55
"59",78.2128709403306,0.3,0.01,0.55
"49",113.895947617667,0.25,0.01,0.55
"39",179.581230431999,0.2,0.01,0.55
"29",321.489892758584,0.15,0.01,0.55
"19",726.93860071478,0.1,0.01,0.55
"910",28.6208192821999,0.5,0.01,0.6
"810",36.1447210877056,0.45,0.01,0.6
"710",46.6553787625822,0.4,0.01,0.6
"610",61.9788072992631,0.35,0.01,0.6
"510",85.5815064258564,0.3,0.01,0.6
"410",124.719289375696,0.25,0.01,0.6
"310",196.762058502743,0.2,0.01,0.6
"210",352.403496695968,0.15,0.01,0.6
"110",797.085826953252,0.1,0.01,0.6
"911",31.146371659385,0.5,0.01,0.65
"811",39.3918188122263,0.45,0.01,0.65
"711",50.9087045772465,0.4,0.01,0.65
"611",67.6974823669845,0.35,0.01,0.65
"511",93.5555704029495,0.3,0.01,0.65
"411",136.431545261801,0.25,0.01,0.65
"311",215.353676749577,0.2,0.01,0.65
"211",385.855352350647,0.15,0.01,0.65
"111",872.99251149052,0.1,0.01,0.65
"912",33.9337329754954,0.5,0.01,0.7
"812",42.9748608372151,0.45,0.01,0.7
"712",55.6016219225059,0.4,0.01,0.7
"612",74.0067327596744,0.35,0.01,0.7
"512",102.352808003527,0.3,0.01,0.7
"412",149.352592986812,0.25,0.01,0.7
"312",235.863783303749,0.2,0.01,0.7
"212",422.758914494604,0.15,0.01,0.7
"112",956.731380064006,0.1,0.01,0.7
"913",37.0863327323767,0.5,0.01,0.75
"813",47.0269307294881,0.45,0.01,0.75
"713",60.9083250006881,0.4,0.01,0.75
"613",81.1407761422058,0.35,0.01,0.75
"513",112.299713035472,0.3,0.01,0.75
"413",163.961905154587,0.25,0.01,0.75
"313",259.053494110098,0.2,0.01,0.75
"213",464.483664920981,0.15,0.01,0.75
"113",1051.40997336523,0.1,0.01,0.75
"914",40.77347418928,0.5,0.01,0.8
"814",51.7653945621101,0.45,0.01,0.8
"714",67.1134812224495,0.4,0.01,0.8
"614",89.4822342983382,0.35,0.01,0.8
"514",123.929713312438,0.3,0.01,0.8
"414",181.042961937134,0.25,0.01,0.8
"314",286.166412659199,0.2,0.01,0.8
"214",513.267123297953,0.15,0.01,0.8
"114",1162.10548617917,0.1,0.01,0.8
"915",6.91258998568603,0.5,0.015,0.1
"815",8.05517824150359,0.45,0.015,0.1
"715",9.69695450045181,0.4,0.015,0.1
"615",12.1442047346798,0.35,0.015,0.1
"515",15.9724088107282,0.3,0.015,0.1
"415",22.3809619878988,0.25,0.015,0.1
"315",34.2384016997005,0.2,0.015,0.1
"215",59.9169476818438,0.15,0.015,0.1
"115",133.350685199411,0.1,0.015,0.1
"916",8.79822697484185,0.5,0.015,0.15
"816",10.5615096858661,0.45,0.015,0.15
"716",13.0601803822314,0.4,0.015,0.15
"616",16.7390766230503,0.35,0.015,0.15
"516",22.4415962187318,0.3,0.015,0.15
"416",31.9328846528259,0.25,0.015,0.15
"316",49.4392683351443,0.2,0.015,0.15
"216",87.2966718394233,0.15,0.015,0.15
"116",195.500243496061,0.1,0.015,0.15
"917",10.6415532624543,0.5,0.015,0.2
"817",12.9717254308471,0.45,0.015,0.2
"717",16.2528361945677,0.4,0.015,0.2
"617",21.0617542249918,0.35,0.015,0.2
"517",28.4937809435893,0.3,0.015,0.2
"417",40.841992105384,0.25,0.015,0.2
"317",63.5966293457995,0.2,0.015,0.2
"217",112.781824012642,0.15,0.015,0.2
"117",253.338639036567,0.1,0.015,0.2
"918",12.4482360966126,0.5,0.015,0.25
"818",15.3167440406785,0.45,0.015,0.25
"718",19.3434577931418,0.4,0.015,0.25
"618",25.2328876195281,0.35,0.015,0.25
"518",34.3228518961267,0.3,0.015,0.25
"418",49.414067605588,0.25,0.015,0.25
"318",77.2118511198123,0.2,0.015,0.25
"218",137.286141855367,0.15,0.015,0.25
"118",308.94730659053,0.1,0.015,0.25
"919",14.2405438189216,0.5,0.015,0.3
"819",17.6345857008366,0.45,0.015,0.3
"719",22.3909724196562,0.4,0.015,0.3
"619",29.3397197183715,0.35,0.015,0.3
"519",40.0571573868221,0.3,0.015,0.3
"419",57.8429089491272,0.25,0.015,0.3
"319",90.5965603812464,0.2,0.015,0.3
"219",161.373274932513,0.15,0.015,0.3
"119",363.607484713336,0.1,0.015,0.3
"920",16.0414191097672,0.5,0.015,0.35
"820",19.9587512583629,0.45,0.015,0.35
"720",25.4427025483704,0.4,0.015,0.35
"620",33.4490079869035,0.35,0.015,0.35
"520",45.7922138854796,0.3,0.015,0.35
"420",66.270721848059,0.25,0.015,0.35
"320",103.977941063508,0.2,0.015,0.35
"220",185.453092494813,0.15,0.015,0.35
"120",418.249974660488,0.1,0.015,0.35
"921",17.8730371141712,0.5,0.015,0.4
"821",22.3195894422484,0.45,0.015,0.4
"721",28.5401920384929,0.4,0.015,0.4
"621",37.6178055804704,0.35,0.015,0.4
"521",51.6086653014121,0.3,0.015,0.4
"421",74.8168068839804,0.25,0.015,0.4
"321",117.545985929944,0.2,0.015,0.4
"221",209.86803338402,0.15,0.015,0.4
"121",473.652214031721,0.1,0.015,0.4
"922",19.7578911244505,0.5,0.015,0.45
"822",24.7470349995275,0.45,0.015,0.45
"722",31.7233760314375,0.4,0.015,0.45
"622",41.900563011495,0.35,0.015,0.45
"522",57.5829628559424,0.3,0.015,0.45
"422",83.5938612172571,0.25,0.015,0.45
"322",131.480089513435,0.2,0.015,0.45
"222",234.940960831186,0.15,0.015,0.45
"122",530.54714589852,0.1,0.015,0.45
"923",21.7204210026961,0.5,0.015,0.5
"823",27.2730893407282,0.45,0.015,0.5
"723",35.0346234516994,0.4,0.015,0.5
"623",46.3546528066507,0.35,0.015,0.5
"523",63.7954318063437,0.3,0.015,0.5
"423",92.7201399822503,0.25,0.015,0.5
"323",145.967993690085,0.2,0.015,0.5
"223",261.00998377347,0.15,0.015,0.5
"123",589.702020408344,0.1,0.015,0.5
"924",23.7892735904489,0.5,0.015,0.55
"824",29.9348190238983,0.45,0.015,0.55
"724",38.5227819094939,0.4,0.015,0.55
"624",51.0458938173225,0.35,0.015,0.55
"524",70.3380045615348,0.3,0.015,0.55
"424",102.330832162591,0.25,0.015,0.55
"324",161.224443406002,0.2,0.015,0.55
"224",288.461539923945,0.15,0.015,0.55
"124",651.993756060625,0.1,0.015,0.55
"925",25.9999132639562,0.5,0.015,0.6
"825",32.7781135447414,0.45,0.015,0.6
"725",42.2481277315503,0.4,0.015,0.6
"625",56.0554921304977,0.35,0.015,0.6
"525",77.3240624350261,0.3,0.015,0.6
"425",112.59248400628,0.25,0.015,0.6
"325",177.513880468631,0.2,0.015,0.6
"225",317.771469230245,0.15,0.015,0.6
"125",718.502225477119,0.1,0.015,0.6
"926",28.3994427014628,0.5,0.015,0.65
"826",35.8636039817815,0.45,0.015,0.65
"726",46.2901441201568,0.4,0.015,0.65
"626",61.4903896521241,0.35,0.015,0.65
"526",84.9027291531962,0.3,0.015,0.65
"426",123.724249260431,0.25,0.015,0.65
"326",195.184201074181,0.2,0.015,0.65
"226",349.565825361464,0.15,0.015,0.65
"126",790.647918689664,0.1,0.015,0.65
"927",31.0541037132689,0.5,0.015,0.7
"827",39.2764342276221,0.45,0.015,0.7
"727",50.7604543627351,0.4,0.015,0.7
"627",67.5006872910998,0.35,0.015,0.7
"527",93.283314495606,0.3,0.015,0.7
"427",136.033512292925,0.25,0.015,0.7
"327",214.723397186759,0.2,0.015,0.7
"227",384.722602312657,0.15,0.015,0.7
"127",870.42320126539,0.1,0.015,0.7
"928",34.0636498340661,0.5,0.015,0.75
"828",43.1449293988134,0.45,0.015,0.75
"728",55.8270504351306,0.4,0.015,0.75
"628",74.3120970005029,0.35,0.015,0.75
"528",102.780611815616,0.3,0.015,0.75
"428",149.982659582786,0.25,0.015,0.75
"328",236.865373907302,0.2,0.015,0.75
"228",424.562295441719,0.15,0.015,0.75
"128",960.824495893598,0.1,0.015,0.75
"929",37.5915488725365,0.5,0.015,0.8
"829",47.6790370640689,0.45,0.015,0.8
"729",61.7648187684875,0.4,0.015,0.8
"629",82.294359473755,0.35,0.015,0.8
"529",113.910011050819,0.3,0.015,0.8
"429",166.328615924491,0.25,0.015,0.8
"329",262.81157512701,0.2,0.015,0.8
"229",471.246669099241,0.15,0.015,0.8
"129",1066.75698649155,0.1,0.015,0.8
"930",6.22976191297696,0.5,0.02,0.1
"830",7.14210382145389,0.45,0.02,0.1
"730",8.46052250719773,0.4,0.02,0.1
"630",10.4402105326438,0.35,0.02,0.1
"530",13.5579704257823,0.3,0.02,0.1
"430",18.8025493802852,0.25,0.02,0.1
"330",28.5333354925071,0.2,0.02,0.1
"230",49.6338144738886,0.15,0.02,0.1
"130",110.004037478187,0.1,0.02,0.1
"931",7.89979336775605,0.5,0.02,0.15
"831",9.38479241147635,0.45,0.02,0.15
"731",11.4985600759796,0.4,0.02,0.15
"631",14.6217258983775,0.35,0.02,0.15
"531",19.47451298937,0.3,0.02,0.15
"431",27.5632669316408,0.25,0.02,0.15
"331",42.4942526331778,0.2,0.02,0.15
"231",74.7939827908095,0.15,0.02,0.15
"131",167.125144170565,0.1,0.02,0.15
"932",9.58625303370094,0.5,0.02,0.2
"832",11.6028788666855,0.45,0.02,0.2
"732",14.4493107169873,0.4,0.02,0.2
"632",18.6281544002211,0.35,0.02,0.2
"532",25.0933770478775,0.3,0.02,0.2
"432",35.8419624975813,0.25,0.02,0.2
"332",55.6555256157855,0.2,0.02,0.2
"232",98.4902320678571,0.15,0.02,0.2
"132",220.906676445097,0.1,0.02,0.2
"933",11.2656612748498,0.5,0.02,0.25
"833",13.7895553302723,0.45,0.02,0.25
"733",17.3372931479355,0.4,0.02,0.25
"633",22.5309488656053,0.35,0.02,0.25
"533",30.5515745584723,0.3,0.02,0.25
"433",43.8719278212665,0.25,0.02,0.25
"333",68.4122126107634,0.2,0.02,0.25
"233",121.451245033908,0.15,0.02,0.25
"133",273.014500563697,0.1,0.02,0.25
"934",12.9470707693323,0.5,0.02,0.3
"834",15.9678501406401,0.45,0.02,0.3
"734",20.2046467750011,0.4,0.02,0.3
"634",26.3978358028599,0.35,0.02,0.3
"534",35.9530556663474,0.3,0.02,0.3
"434",51.8133135155386,0.25,0.02,0.3
"334",81.0242409373472,0.2,0.02,0.3
"234",144.148923494516,0.15,0.02,0.3
"134",324.522426590206,0.1,0.02,0.3
"935",14.646888997169,0.5,0.02,0.35
"835",18.1640160811201,0.45,0.02,0.35
"735",23.0904268699594,0.4,0.02,0.35
"635",30.2852263581857,0.35,0.02,0.35
"535",41.3798061737528,0.3,0.02,0.35
"435",59.7891680730102,0.25,0.02,0.35
"335",93.6888382740332,0.2,0.02,0.35
"235",166.939572138198,0.15,0.02,0.35
"135",376.240045541822,0.1,0.02,0.35
"936",16.3836173292341,0.5,0.02,0.4
"836",20.4041826638737,0.45,0.02,0.4
"736",26.0308690776106,0.4,0.02,0.4
"636",34.2437541319005,0.35,0.02,0.4
"536",46.9037683402295,0.3,0.02,0.4
"436",67.9061860674314,0.25,0.02,0.4
"336",106.576367332333,0.2,0.02,0.4
"236",190.130362544125,0.15,0.02,0.4
"136",428.864883542222,0.1,0.02,0.4
"937",18.1772595829871,0.5,0.02,0.45
"837",22.7152601819215,0.45,0.02,0.45
"737",29.062343163076,0.4,0.02,0.45
"637",38.3232409986746,0.35,0.02,0.45
"537",52.595150084332,0.3,0.02,0.45
"437",76.2681472589013,0.25,0.02,0.45
"337",119.851823817988,0.2,0.02,0.45
"237",214.018520763418,0.15,0.02,0.45
"137",483.071595911945,0.1,0.02,0.45
"938",20.0504211375276,0.5,0.02,0.5
"838",25.1270923382207,0.45,0.02,0.5
"738",32.2245872144692,0.4,0.02,0.5
"638",42.5774060953765,0.35,0.02,0.5
"538",58.5292268340418,0.3,0.02,0.5
"438",84.9858390643008,0.25,0.02,0.5
"338",133.691438976432,0.2,0.02,0.5
"238",238.921282573617,0.15,0.02,0.5
"138",539.580257504976,0.1,0.02,0.5
"939",22.0301529897063,0.5,0.02,0.55
"839",27.6748152762349,0.45,0.02,0.55
"739",35.5638116738048,0.4,0.02,0.55
"639",47.0687912338738,0.35,0.02,0.55
"539",64.7934663572668,0.3,0.02,0.55
"439",94.187976166237,0.25,0.02,0.55
"339",148.299543208431,0.2,0.02,0.55
"239",265.206465927284,0.15,0.02,0.55
"139",599.225462462531,0.1,0.02,0.55
"940",24.1504554647232,0.5,0.02,0.6
"840",30.4023678359536,0.45,0.02,0.6
"740",39.1379653809501,0.4,0.02,0.6
"640",51.8753780078829,0.35,0.02,0.6
"540",71.4967085378228,0.3,0.02,0.6
"440",104.034446932647,0.25,0.02,0.6
"340",163.930159731908,0.2,0.02,0.6
"240",293.331153304853,0.15,0.02,0.6
"140",663.044543177147,0.1,0.02,0.6
"941",26.4567700190787,0.5,0.02,0.65
"841",33.368361677791,0.45,0.02,0.65
"741",43.0237810831108,0.4,0.02,0.65
"641",57.1005219728269,0.35,0.02,0.65
"541",78.7831157370018,0.3,0.02,0.65
"441",114.737114297916,0.25,0.02,0.65
"341",180.919522023443,0.2,0.02,0.65
"241",323.900379302852,0.15,0.02,0.65
"141",732.410397367603,0.1,0.02,0.65
"942",29.0133069104013,0.5,0.02,0.7
"842",36.6553973422835,0.45,0.02,0.7
"742",47.3295398063972,0.4,0.02,0.7
"642",62.8897870293912,0.35,0.02,0.7
"542",86.855743649429,0.3,0.02,0.7
"442",126.594226001048,0.25,0.02,0.7
"342",199.741092850145,0.2,0.02,0.7
"242",357.766051070372,0.15,0.02,0.7
"142",809.256123468598,0.1,0.02,0.7
"943",31.9170375619254,0.5,0.02,0.75
"843",40.3881300316194,0.45,0.02,0.75
"743",52.2185585282078,0.4,0.02,0.75
"643",69.4627219713817,0.35,0.02,0.75
"543",96.0206834062417,0.3,0.02,0.75
"443",140.055393680056,0.25,0.02,0.75
"343",221.108637392139,0.2,0.02,0.75
"243",396.212422095547,0.15,0.02,0.75
"143",896.49585604474,0.1,0.02,0.75
"944",35.3272179802055,0.5,0.02,0.8
"844",44.7711711479762,0.45,0.02,0.8
"744",57.9587150542205,0.4,0.02,0.8
"644",77.1795002030915,0.35,0.02,0.8
"544",106.780042767175,0.3,0.02,0.8
"444",155.857992590364,0.25,0.02,0.8
"344",246.19248559744,0.2,0.02,0.8
"244",441.345245115213,0.15,0.02,0.8
"144",998.90779546901,0.1,0.02,0.8
"945",5.74999196226032,0.5,0.025,0.1
"845",6.49557596864547,0.45,0.025,0.1
"745",7.5756067507611,0.4,0.025,0.1
"645",9.20704016590801,0.35,0.025,0.1
"545",11.7951004270193,0.3,0.025,0.1
"445",16.174855283033,0.25,0.025,0.1
"345",24.3319272768784,0.2,0.025,0.1
"245",42.0521471517138,0.15,0.025,0.1
"145",92.7847047004639,0.1,0.025,0.1
"946",7.24240240367229,0.5,0.025,0.15
"846",8.51840382274523,0.45,0.025,0.15
"746",10.3427437159035,0.4,0.025,0.15
"646",13.048708929556,0.35,0.025,0.15
"546",17.2649484002838,0.3,0.025,0.15
"446",24.3049842747441,0.25,0.025,0.15
"346",37.3123814436787,0.2,0.025,0.15
"246",65.4630197580381,0.15,0.025,0.15
"146",145.94663088761,0.1,0.025,0.15
"947",8.79921933354726,0.5,0.025,0.2
"847",10.5786286901144,0.45,0.025,0.2
"747",13.0967464820695,0.4,0.025,0.2
"647",16.8003407339613,0.35,0.025,0.2
"547",22.5371418128275,0.3,0.025,0.2
"447",32.0814821853315,0.25,0.025,0.2
"347",49.6817621796373,0.2,0.025,0.2
"247",87.738186288828,0.15,0.025,0.2
"147",196.506273010525,0.1,0.025,0.2
"948",10.3745527381578,0.5,0.025,0.25
"848",12.6367949192147,0.45,0.025,0.25
"748",15.8213767610331,0.4,0.025,0.25
"648",20.4878472950709,0.35,0.025,0.25
"548",27.6987680053449,0.3,0.025,0.25
"448",39.6786500164652,0.25,0.025,0.25
"348",61.7535802128933,0.2,0.025,0.25
"248",109.468545301383,0.15,0.025,0.25
"148",245.822746829936,0.1,0.025,0.25
"949",11.9660239363426,0.5,0.025,0.3
"849",14.70259364197,0.45,0.025,0.3
"749",18.5440532348344,0.4,0.025,0.3
"649",24.1624407719657,0.35,0.025,0.3
"549",32.8339679701999,0.3,0.025,0.3
"449",47.2303509993285,0.25,0.025,0.3
"349",73.7481145841076,0.2,0.025,0.3
"249",131.056054918118,0.15,0.025,0.3
"149",294.812204375646,0.1,0.025,0.3
"950",13.5843417437102,0.5,0.025,0.35
"850",16.7958567426227,0.45,0.025,0.35
"750",21.296625230573,0.4,0.025,0.35
"650",27.872105685992,0.35,0.025,0.35
"550",38.0139281650679,0.3,0.025,0.35
"450",54.8445451003259,0.25,0.025,0.35
"350",85.839360533019,0.2,0.025,0.35
"250",152.815544054528,0.15,0.025,0.35
"150",344.190395409699,0.1,0.025,0.35
"951",15.2447139020212,0.5,0.025,0.4
"851",18.9390991227276,0.45,0.025,0.4
"751",24.111137830643,0.4,0.025,0.4
"651",31.662181403999,0.35,0.025,0.4
"551",43.3036948840303,0.3,0.025,0.4
"451",62.6181633544379,0.25,0.025,0.4
"351",98.1821822801703,0.2,0.025,0.4
"251",175.026601072611,0.15,0.025,0.4
"151",394.592344375531,0.1,0.025,0.4
"952",16.9650790822349,0.5,0.025,0.45
"852",21.1568222337368,0.45,0.025,0.45
"752",27.0210539833876,0.4,0.025,0.45
"652",35.5788219481426,0.35,0.025,0.45
"552",48.7684878305703,0.3,0.025,0.45
"452",70.647658604179,0.25,0.025,0.45
"352",110.930284260695,0.2,0.025,0.45
"252",197.966142477075,0.15,0.025,0.45
"152",446.646738239559,0.1,0.025,0.45
"953",18.7665094207426,0.5,0.025,0.5
"853",23.4770631137988,0.45,0.025,0.5
"753",30.063842377723,0.4,0.025,0.5
"653",39.6728292038473,0.35,0.025,0.5
"553",54.4795756047839,0.3,0.025,0.5
"453",79.0381816297403,0.25,0.025,0.5
"353",124.250709640499,0.2,0.025,0.5
"253",221.934961871509,0.15,0.025,0.5
"153",501.03621824771,0.1,0.025,0.5
"954",20.6747700281339,0.5,0.025,0.55
"854",25.933348648794,0.45,0.025,0.55
"754",33.2837517197861,0.4,0.025,0.55
"654",44.0040993467644,0.35,0.025,0.55
"554",60.5208423442684,0.3,0.025,0.55
"454",87.9130115337969,0.25,0.025,0.55
"354",138.339502108894,0.2,0.025,0.55
"254",247.285879535082,0.15,0.025,0.55
"154",558.561666906334,0.1,0.025,0.55
"955",22.7226365122968,0.5,0.025,0.6
"855",28.5681559534302,0.45,0.025,0.6
"755",36.736722685984,0.4,0.025,0.6
"655",48.6480520359618,0.35,0.025,0.6
"555",66.9975365311626,0.3,0.025,0.6
"455",97.4269414869737,0.25,0.025,0.6
"355",153.442411815577,0.2,0.025,0.6
"255",274.461147055173,0.15,0.025,0.6
"155",620.226513674492,0.1,0.025,0.6
"956",24.9542223419588,0.5,0.025,0.65
"856",31.4384140691381,0.45,0.025,0.65
"756",40.4973773159874,0.4,0.025,0.65
"656",53.7051269297214,0.35,0.025,0.65
"556",74.0498090930625,0.3,0.025,0.65
"456",107.785876081786,0.25,0.025,0.65
"356",169.886262614715,0.2,0.025,0.65
"256",304.048997275306,0.15,0.025,0.65
"156",687.365536028169,0.1,0.025,0.65
"957",27.4321174257901,0.5,0.025,0.7
"857",34.6246071329767,0.45,0.025,0.7
"757",44.6712977435921,0.4,0.025,0.7
"657",59.3173499910561,0.35,0.025,0.7
"557",81.8756684435537,0.3,0.025,0.7
"457",119.280722200382,0.25,0.025,0.7
"357",188.132940597677,0.2,0.025,0.7
"257",336.880341125457,0.15,0.025,0.7
"157",761.864380559444,0.1,0.025,0.7
"958",30.2510945800223,0.5,0.025,0.75
"858",38.248577894493,0.45,0.025,0.75
"758",49.4180403897062,0.4,0.025,0.75
"658",65.6992375947935,0.35,0.025,0.75
"558",90.7744006354797,0.3,0.025,0.75
"458",132.350960301264,0.25,0.025,0.75
"358",208.880066660276,0.2,0.025,0.75
"258",374.21050154373,0.15,0.025,0.75
"158",846.571365033225,0.1,0.025,0.75
"959",33.5669219819699,0.5,0.025,0.8
"859",42.5106073180775,0.45,0.025,0.8
"759",54.999912287933,0.4,0.025,0.8
"659",73.2032728420954,0.35,0.025,0.8
"559",101.237306831356,0.3,0.025,0.8
"459",147.71828980183,0.25,0.025,0.8
"359",233.273076478195,0.2,0.025,0.8
"259",418.100353942972,0.15,0.025,0.8
"159",946.16291264865,0.1,0.025,0.8
"960",5.39310285866266,0.5,0.03,0.1
"860",6.01250987205406,0.45,0.03,0.1
"760",6.90833423194933,0.4,0.03,0.1
"660",8.26629083235961,0.35,0.03,0.1
"560",10.4350660852994,0.3,0.03,0.1
"460",14.1315239927431,0.25,0.03,0.1
"360",21.0507407840736,0.2,0.03,0.1
"260",36.1205871189431,0.15,0.03,0.1
"160",79.3059752163023,0.1,0.03,0.1
"961",6.73461934078791,0.5,0.03,0.15
"861",7.84491737097763,0.45,0.03,0.15
"761",9.43897103272139,0.4,0.03,0.15
"661",11.812992130182,0.35,0.03,0.15
"561",15.5240202295027,0.3,0.03,0.15
"461",21.733393855067,0.25,0.03,0.15
"361",33.2192825408391,0.2,0.03,0.15
"261",58.0901554827192,0.15,0.03,0.15
"161",129.210768985678,0.1,0.03,0.15
"962",8.17931258502206,0.5,0.03,0.2
"862",9.76905586773054,0.45,0.03,0.2
"762",12.0247685267023,0.4,0.03,0.2
"662",15.3491527942333,0.35,0.03,0.2
"562",20.5055625107523,0.3,0.03,0.2
"462",29.0911099831619,0.25,0.03,0.2
"362",44.9300766388184,0.2,0.03,0.2
"262",79.1848525378187,0.15,0.03,0.2
"162",177.094866703118,0.1,0.03,0.2
"963",9.66549310625605,0.5,0.03,0.25
"863",11.7178607685771,0.45,0.03,0.25
"763",14.6113830193718,0.4,0.03,0.25
"663",18.855825353516,0.35,0.03,0.25
"563",25.4188794511631,0.3,0.03,0.25
"463",36.3266672796963,0.25,0.03,0.25
"363",56.430236725085,0.2,0.03,0.25
"263",99.888334304966,0.15,0.03,0.25
"163",224.082517432663,0.1,0.03,0.25
"964",11.1805607472432,0.5,0.03,0.3
"864",13.6885522932636,0.45,0.03,0.3
"764",17.2122881691644,0.4,0.03,0.3
"664",22.3690328776355,0.35,0.03,0.3
"564",30.3309934521483,0.3,0.03,0.3
"464",43.5522141887626,0.25,0.03,0.3
"364",67.9082241976588,0.2,0.03,0.3
"264",120.547264108195,0.15,0.03,0.3
"164",270.965514045566,0.1,0.03,0.3
"965",12.7299511969216,0.5,0.03,0.35
"865",15.6950906692806,0.45,0.03,0.35
"765",19.8529202388668,0.4,0.03,0.35
"665",25.9295474914012,0.35,0.03,0.35
"565",35.3040674820215,0.3,0.03,0.35
"465",50.8633978984901,0.25,0.03,0.35
"365",79.5191375574916,0.2,0.03,0.35
"265",141.443018198029,0.15,0.03,0.35
"165",318.384213344852,0.1,0.03,0.35
"966",14.3259372751914,0.5,0.03,0.4
"866",17.756815112512,0.45,0.03,0.4
"766",22.5616602593268,0.4,0.03,0.4
"666",29.5782627157413,0.35,0.03,0.4
"566",40.3974083261021,0.3,0.03,0.4
"466",58.3490543694679,0.25,0.03,0.4
"366",91.4052842759648,0.2,0.03,0.4
"266",162.832733085973,0.15,0.03,0.4
"166",366.92268742175,0.1,0.03,0.4
"967",15.9846309823286,0.5,0.03,0.45
"867",19.8960785109322,0.45,0.03,0.45
"767",25.3695570199911,0.4,0.03,0.45
"667",33.3582297454574,0.35,0.03,0.45
"567",45.6720915690107,0.3,0.03,0.45
"467",66.0997071265414,0.25,0.03,0.45
"367",103.71104527948,0.2,0.03,0.45
"267",184.976618794777,0.15,0.03,0.45
"167",417.171827164583,0.1,0.03,0.45
"968",17.725739112025,0.5,0.03,0.5
"868",22.1393678163315,0.45,0.03,0.5
"768",28.3119885945811,0.4,0.03,0.5
"668",37.3177382491413,0.35,0.03,0.5
"568",51.1960492413117,0.3,0.03,0.5
"468",74.2156013630755,0.25,0.03,0.5
"368",116.595841755248,0.2,0.03,0.5
"268",208.161767359275,0.15,0.03,0.5
"168",469.783244608169,0.1,0.03,0.5
"969",19.5739319928716,0.5,0.03,0.55
"869",24.5188868890388,0.45,0.03,0.55
"769",31.4317040038244,0.4,0.03,0.55
"669",41.5146512763749,0.35,0.03,0.55
"569",57.0501704424284,0.3,0.03,0.55
"469",82.8158074226475,0.25,0.03,0.55
"369",130.248832824096,0.2,0.03,0.55
"269",232.728697773079,0.15,0.03,0.55
"169",525.529804517236,0.1,0.03,0.55
"970",21.5609382868881,0.5,0.03,0.6
"870",27.075817530465,0.45,0.03,0.6
"770",34.7829461069718,0.4,0.03,0.6
"670",46.0220852652475,0.35,0.03,0.6
"570",63.336699835915,0.3,0.03,0.6
"470",92.0505825262444,0.25,0.03,0.6
"370",144.908768782072,0.2,0.03,0.6
"270",259.1070998791,0.15,0.03,0.6
"170",585.386517164308,0.1,0.03,0.6
"971",23.7297454604282,0.5,0.03,0.65
"871",29.8656279064655,0.45,0.03,0.65
"771",38.4385187546133,0.4,0.03,0.65
"671",50.9380819733628,0.35,0.03,0.65
"571",70.1924248730547,0.3,0.03,0.65
"471",102.120993462144,0.25,0.03,0.65
"371",160.894747081523,0.2,0.03,0.65
"271",287.871126538302,0.15,0.03,0.65
"171",650.656370668769,0.1,0.03,0.65
"972",26.1416198391989,0.5,0.03,0.7
"872",32.9671690760066,0.45,0.03,0.7
"772",42.5017526728807,0.4,0.03,0.7
"672",56.4016343298618,0.35,0.03,0.7
"572",77.8111699053092,0.3,0.03,0.7
"472",113.311734353002,0.25,0.03,0.7
"372",178.658833990109,0.2,0.03,0.7
"272",319.834270201625,0.15,0.03,0.7
"172",723.185149065409,0.1,0.03,0.7
"973",28.8893912980833,0.5,0.03,0.75
"873",36.4998715824985,0.45,0.03,0.75
"773",47.1291047398256,0.4,0.03,0.75
"673",62.6231257930742,0.35,0.03,0.75
"573",86.4863888977395,0.3,0.03,0.75
"473",126.053853991293,0.25,0.03,0.75
"373",198.885140604949,0.2,0.03,0.75
"273",356.227405210939,0.15,0.03,0.75
"173",805.765968605822,0.1,0.03,0.75
"974",32.1260612918179,0.5,0.03,0.8
"874",40.6602496643382,0.45,0.03,0.8
"774",52.5779894246041,0.4,0.03,0.8
"674",69.948622977139,0.35,0.03,0.8
"574",96.7004217630444,0.3,0.03,0.8
"474",141.055722464761,0.25,0.03,0.8
"374",222.698154204842,0.2,0.03,0.8
"274",399.073794523743,0.15,0.03,0.8
"174",902.989825139109,0.1,0.03,0.8
"975",5.11707527146094,0.5,0.035,0.1
"875",5.63852321305218,0.45,0.035,0.1
"775",6.38855746261467,0.4,0.035,0.1
"675",7.52506991108199,0.35,0.035,0.1
"575",9.349517170955,0.3,0.035,0.1
"475",12.4830598857662,0.25,0.035,0.1
"375",18.386859019859,0.2,0.035,0.1
"275",31.2919099947726,0.15,0.035,0.1
"175",68.3246657034183,0.1,0.035,0.1
"976",6.32830822349116,0.5,0.035,0.15
"876",7.30261872875731,0.45,0.035,0.15
"776",8.7065825408637,0.4,0.035,0.15
"676",10.8062602932686,0.35,0.035,0.15
"576",14.1002951097256,0.3,0.035,0.15
"476",19.62582632957,0.25,0.035,0.15
"376",29.8611335759067,0.2,0.035,0.15
"276",52.0386034672503,0.15,0.035,0.15
"176",115.472365982359,0.1,0.035,0.15
"977",7.67333213298081,0.5,0.035,0.2
"877",9.10571792492448,0.45,0.035,0.2
"777",11.1438105357762,0.4,0.035,0.2
"677",14.1541175535553,0.35,0.035,0.2
"577",18.8303924805356,0.3,0.035,0.2
"477",26.6236410813418,0.25,0.035,0.2
"377",41.0079939840988,0.2,0.035,0.2
"277",72.1238910669963,0.15,0.035,0.2
"177",161.069704794501,0.1,0.035,0.2
"978",9.0807342965069,0.5,0.035,0.25
"878",10.9584740487756,0.45,0.035,0.25
"778",13.6100616479057,0.4,0.035,0.25
"678",17.5039838935892,0.35,0.035,0.25
"578",23.5294618803917,0.3,0.035,0.25
"478",33.5479694496471,0.25,0.035,0.25
"378",52.0167348393893,0.2,0.035,0.25
"278",91.9451039732607,0.15,0.035,0.25
"178",206.056669286901,0.1,0.035,0.25
"979",10.5288345802992,0.5,0.035,0.3
"879",12.8462518007498,0.45,0.035,0.3
"779",16.1052818125953,0.4,0.035,0.3
"679",20.877650486719,0.35,0.035,0.3
"579",28.2489837289556,0.3,0.035,0.3
"479",40.4922778542662,0.25,0.035,0.3
"379",63.0495268373321,0.2,0.035,0.3
"279",111.803900107485,0.15,0.035,0.3
"179",251.124771891201,0.1,0.035,0.3
"980",12.0181410504637,0.5,0.035,0.35
"880",14.7774993126977,0.45,0.035,0.35
"780",18.6489252068631,0.4,0.035,0.35
"680",24.3091580855149,0.35,0.035,0.35
"580",33.0433297930997,0.3,0.035,0.35
"480",47.5418312518464,0.25,0.035,0.35
"380",74.245835485039,0.2,0.035,0.35
"280",131.954159014677,0.15,0.035,0.35
"180",296.852276297101,0.1,0.035,0.35
"981",13.5581864197978,0.5,0.035,0.4
"881",16.7684739295391,0.45,0.035,0.4
"781",21.266088592205,0.4,0.035,0.4
"681",27.8356026693636,0.35,0.035,0.4
"581",37.9668672429312,0.3,0.035,0.4
"481",54.7786315069687,0.25,0.035,0.4
"381",85.7373822493445,0.2,0.035,0.4
"281",152.634220792216,0.15,0.035,0.4
"181",343.780708566243,0.1,0.035,0.4
"982",15.163313643539,0.5,0.035,0.45
"882",18.8397544534405,0.45,0.035,0.45
"782",23.9856152197622,0.4,0.035,0.45
"682",31.4973251162348,0.35,0.035,0.45
"582",43.0771318653523,0.3,0.035,0.45
"482",62.2881643623894,0.25,0.035,0.45
"382",97.6606840059549,0.2,0.035,0.45
"282",174.090189551898,0.15,0.035,0.45
"182",392.469002698528,0.1,0.035,0.45
"983",16.8521223195489,0.5,0.035,0.5
"883",21.0163898629951,0.45,0.035,0.5
"783",26.8412297727846,0.4,0.035,0.5
"683",35.3404987961491,0.35,0.035,0.5
"583",48.4391975987952,0.3,0.035,0.5
"483",70.1665421331754,0.25,0.035,0.5
"383",110.168667441332,0.2,0.035,0.5
"283",196.597502797118,0.15,0.035,0.5
"183",443.542525131957,0.1,0.035,0.5
"984",18.648260578874,0.5,0.035,0.55
"884",23.3294249204226,0.45,0.035,0.55
"784",29.8742135802633,0.4,0.035,0.55
"684",39.4210950080033,0.35,0.035,0.55
"584",54.1313776606352,0.3,0.035,0.55
"484",78.5290854341907,0.25,0.035,0.55
"384",123.444584394968,0.2,0.035,0.55
"284",220.486103939405,0.15,0.035,0.55
"184",497.7499731069,0.1,0.035,0.55
"985",20.582591625651,0.5,0.035,0.6
"885",25.8189162583605,0.45,0.035,0.6
"785",33.1373940699067,0.4,0.035,0.6
"685",43.8103620475485,0.35,0.035,0.6
"585",60.2533303733419,0.3,0.035,0.6
"485",87.5223152084943,0.25,0.035,0.6
"385",137.721205263876,0.2,0.035,0.6
"285",246.174913537854,0.15,0.035,0.6
"185",556.042007426666,0.1,0.035,0.6
"986",22.6970386014723,0.5,0.035,0.65
"886",28.539120513983,0.45,0.035,0.65
"786",36.7019991547743,0.4,0.035,0.65
"686",48.6042434372244,0.35,0.035,0.65
"586",66.9389362509776,0.3,0.035,0.65
"486",97.3429771012491,0.25,0.035,0.65
"386",153.310890682035,0.2,0.035,0.65
"286",274.225985234088,0.15,0.035,0.65
"186",619.694136712742,0.1,0.035,0.65
"987",25.0517094329413,0.5,0.035,0.7
"887",31.5673317608334,0.45,0.035,0.7
"787",40.6694153465623,0.4,0.035,0.7
"687",53.9391178055197,0.35,0.035,0.7
"587",74.3783897765868,0.3,0.035,0.7
"487",108.270516317453,0.25,0.035,0.7
"387",170.657280891535,0.2,0.035,0.7
"287",305.437627747644,0.15,0.035,0.7
"187",690.517744772422,0.1,0.035,0.7
"988",27.7378688903121,0.5,0.035,0.75
"888",35.0209999676456,0.45,0.035,0.75
"788",45.1933935776231,0.4,0.035,0.75
"688",60.0217723624245,0.35,0.035,0.75
"588",82.8601535985342,0.3,0.035,0.75
"488",120.728540828993,0.25,0.035,0.75
"388",190.432777038699,0.2,0.035,0.75
"288",341.019681760641,0.15,0.035,0.75
"188",771.258179265665,0.1,0.035,0.75
"989",30.9059484280543,0.5,0.035,0.8
"889",39.0934095029085,0.45,0.035,0.8
"789",50.5272034307563,0.4,0.035,0.8
"689",67.1926790828164,0.35,0.035,0.8
"589",92.8587534220672,0.3,0.035,0.8
"489",135.41412606892,0.25,0.035,0.8
"389",213.743739742292,0.2,0.035,0.8
"289",382.96282851338,0.15,0.035,0.8
"189",866.43250708492,0.1,0.035,0.8
"990",4.89729741634649,0.5,0.04,0.1
"890",5.34137520747152,0.45,0.04,0.1
"790",5.97430785900259,0.4,0.04,0.1
"690",6.92896207346829,0.35,0.04,0.1
"590",8.4643145897838,0.3,0.04,0.1
"490",11.1203653454529,0.25,0.04,0.1
"390",16.1646751995926,0.2,0.04,0.1
"290",27.2472864889571,0.15,0.04,0.1
"190",59.1149315234215,0.1,0.04,0.1
"991",5.99491219681359,0.5,0.04,0.15
"891",6.855187334916,0.45,0.04,0.15
"791",8.09829304948426,0.4,0.04,0.15
"691",9.96492861008278,0.35,0.04,0.15
"591",12.9050127656442,0.3,0.04,0.15
"491",17.851391070397,0.25,0.04,0.15
"391",27.0298817885196,0.2,0.04,0.15
"291",46.9337732026469,0.15,0.04,0.15
"191",103.881282414284,0.1,0.04,0.15
"992",7.24986609120985,0.5,0.04,0.2
"892",8.54828711017086,0.45,0.04,0.2
"792",10.4009968494703,0.4,0.04,0.2
"692",13.1440070876737,0.35,0.04,0.2
"592",17.4122842143221,0.3,0.04,0.2
"492",24.5331484811688,0.25,0.04,0.2
"392",37.6837862571021,0.2,0.04,0.2
"292",66.1383362133312,0.15,0.04,0.2
"192",147.484527326612,0.1,0.04,0.2
"993",8.58612563903034,0.5,0.04,0.25
"893",10.314726528577,0.45,0.04,0.25
"793",12.7598628159388,0.4,0.04,0.25
"693",16.3549933557983,0.35,0.04,0.25
"593",21.9225043886363,0.3,0.04,0.25
"493",31.1839711536819,0.25,0.04,0.25
"393",48.2613164739258,0.2,0.04,0.25
"293",85.18578467205,0.15,0.04,0.25
"193",190.717281205052,0.1,0.04,0.25
"994",9.97421659288964,0.5,0.04,0.3
"894",12.1286016392472,0.45,0.04,0.3
"794",15.1613482700107,0.4,0.04,0.3
"694",19.6053013303887,0.35,0.04,0.3
"594",26.4722571419436,0.3,0.04,0.3
"494",37.880663726399,0.25,0.04,0.3
"394",58.902375828977,0.2,0.04,0.3
"294",104.340718556362,0.15,0.04,0.3
"194",234.188954431147,0.1,0.04,0.3
"995",11.409960691861,0.5,0.04,0.35
"895",13.9929774416861,0.45,0.04,0.35
"795",17.6191503667801,0.4,0.04,0.35
"695",22.9228794901056,0.35,0.04,0.35
"595",31.108931515473,0.3,0.04,0.35
"495",44.6995098239348,0.25,0.04,0.35
"395",69.7331981242362,0.2,0.04,0.35
"295",123.833925326318,0.15,0.04,0.35
"195",278.425830470673,0.1,0.04,0.35
"996",12.9002787207424,0.5,0.04,0.4
"896",15.9212520867353,0.45,0.04,0.4
"796",20.1553026202004,0.4,0.04,0.4
"696",26.3412872873524,0.35,0.04,0.4
"596",35.88253177298,0.3,0.04,0.4
"496",51.7166437614642,0.25,0.04,0.4
"396",80.8764931244561,0.2,0.04,0.4
"296",143.887719025712,0.15,0.04,0.4
"196",323.933495949594,0.1,0.04,0.4
"997",14.4579562948219,0.5,0.04,0.45
"897",17.9323844320137,0.45,0.04,0.45
"797",22.7966734171541,0.4,0.04,0.45
"697",29.8985005434729,0.35,0.04,0.45
"597",40.847530953163,0.3,0.04,0.45
"497",59.0131818382307,0.25,0.04,0.45
"397",92.4619880359419,0.2,0.04,0.45
"297",164.736109778934,0.15,0.04,0.45
"197",371.243304160404,0.1,0.04,0.45
"998",16.1004532114543,0.5,0.04,0.5
"898",20.0500324817223,0.45,0.04,0.5
"798",25.5755059607311,0.4,0.04,0.5
"698",33.6388243933755,0.35,0.04,0.5
"598",46.066505671325,0.3,0.04,0.5
"498",66.6816521248647,0.25,0.04,0.5
"398",104.636977949053,0.2,0.04,0.5
"298",186.644432675221,0.15,0.04,0.5
"198",420.957763315451,0.1,0.04,0.5
"999",17.8504705531834,0.5,0.04,0.55
"899",22.3042262654948,0.45,0.04,0.55
"799",28.5317815875541,0.4,0.04,0.55
"699",37.6165702141878,0.35,0.04,0.55
"599",51.6155100012939,0.3,0.04,0.55
"499",74.8340931764353,0.25,0.04,0.55
"399",117.57955407665,0.2,0.04,0.55
"299",209.933382413116,0.15,0.04,0.55
"199",473.804636384588,0.1,0.04,0.55
"9100",19.7381463892609,0.5,0.04,0.6
"8100",24.73406130907,0.45,0.04,0.6
"7100",31.7170689148601,0.4,0.04,0.6
"6100",41.9013332366779,0.35,0.04,0.6
"5100",57.5919287237155,0.3,0.04,0.6
"4100",83.6137184179505,0.25,0.04,0.6
"3100",131.517237777279,0.2,0.04,0.6
"2100",235.012440169638,0.15,0.04,0.6
"1100",530.713165554913,0.1,0.04,0.6
"9101",21.8045160355954,0.5,0.04,0.65
"8101",27.3926534680258,0.45,0.04,0.65
"7101",35.2012087565322,0.4,0.04,0.65
"6101",46.5872076383737,0.35,0.04,0.65
"5101",64.1270793746984,0.3,0.04,0.65
"4101",93.2135238471633,0.25,0.04,0.65
"3101",146.756457454658,0.2,0.04,0.65
"2101",262.432982127156,0.15,0.04,0.65
"1101",592.934604086694,0.1,0.04,0.65
"9102",24.1085918431849,0.5,0.04,0.7
"8102",30.3560642237576,0.45,0.04,0.7
"7102",39.0838579377835,0.4,0.04,0.7
"6102",51.8082687616942,0.35,0.04,0.7
"5102",71.4080077789735,0.3,0.04,0.7
"4102",103.908272394987,0.25,0.04,0.7
"3102",163.733366287228,0.2,0.04,0.7
"2102",292.979970336802,0.15,0.04,0.7
"1102",662.250060556584,0.1,0.04,0.7
"9103",26.7402247725791,0.5,0.04,0.75
"8103",33.7397885073987,0.45,0.04,0.75
"7103",43.516401065867,0.4,0.04,0.75
"6103",57.7681424186568,0.35,0.04,0.75
"5103",79.7185943746186,0.3,0.04,0.75
"4103",116.115049024266,0.25,0.04,0.75
"3103",183.11009896455,0.2,0.04,0.75
"2103",327.84460303243,0.15,0.04,0.75
"1103",741.362626586274,0.1,0.04,0.75
"9104",29.8476473443147,0.5,0.04,0.8
"8104",37.734397147501,0.45,0.04,0.8
"7104",48.748414567482,0.4,0.04,0.8
"6104",64.8022777885951,0.35,0.04,0.8
"5104",89.5266264891228,0.3,0.04,0.8
"4104",130.520780324016,0.25,0.04,0.8
"3104",205.976990031674,0.2,0.04,0.8
"2104",368.988771451285,0.15,0.04,0.8
"1104",834.724033836041,0.1,0.04,0.8
"9105",4.71824846583389,0.5,0.045,0.1
"8105",5.10041035435313,0.45,0.045,0.1
"7105",5.63858320641753,0.4,0.045,0.1
"6105",6.44299393886386,0.35,0.045,0.1
"5105",7.73313478802576,0.3,0.045,0.1
"4105",9.97625588063355,0.25,0.045,0.1
"3105",14.2750294581824,0.2,0.045,0.1
"2105",23.7861640167183,0.15,0.045,0.1
"1105",51.2184536535302,0.1,0.045,0.1
"9106",5.71628230666811,0.5,0.045,0.15
"8106",6.47943689770987,0.45,0.045,0.15
"7106",7.58405171888044,0.4,0.045,0.15
"6106",9.2487577109205,0.35,0.045,0.15
"5106",11.881870195773,0.3,0.045,0.15
"4106",16.3271085585091,0.25,0.045,0.15
"3106",24.5933551111233,0.2,0.045,0.15
"2106",42.5373291730484,0.15,0.045,0.15
"1106",93.8964616944601,0.1,0.045,0.15
"9107",6.8888450574583,0.5,0.045,0.2
"8107",8.07103396052819,0.45,0.045,0.2
"7107",9.76263212887315,0.4,0.045,0.2
"6107",12.2734857150352,0.35,0.045,0.2
"5107",16.1879534720051,0.3,0.045,0.2
"4107",22.7264033269172,0.25,0.045,0.2
"3107",34.8094688210476,0.2,0.045,0.2
"2107",60.9618332337415,0.15,0.045,0.2
"1107",135.734865020209,0.1,0.045,0.2
"9108",8.15982981355303,0.5,0.045,0.25
"8108",9.75853817506503,0.45,0.045,0.25
"7108",12.0239835525671,0.4,0.045,0.25
"6108",15.3593148680545,0.35,0.045,0.25
"5108",20.529013442006,0.3,0.045,0.25
"4108",29.1331731725201,0.25,0.045,0.25
"3108",45.0028387186518,0.2,0.045,0.25
"2108",79.320477203556,0.15,0.045,0.25
"1108",177.406377602242,0.1,0.045,0.25
"9109",9.49323989312446,0.5,0.045,0.3
"8109",11.5054281562643,0.45,0.045,0.3
"7109",14.3409514984114,0.4,0.045,0.3
"6109",18.4988744754307,0.35,0.045,0.3
"5109",24.926756418358,0.3,0.045,0.3
"4109",35.608472936496,0.25,0.045,0.3
"3109",55.2939020543683,0.2,0.045,0.3
"2109",97.8467235927164,0.15,0.045,0.3
"1109",219.452248669357,0.1,0.045,0.3
"9110",10.8804759299457,0.5,0.045,0.35
"8110",13.3094810992017,0.45,0.045,0.35
"7110",16.7215606306037,0.4,0.045,0.35
"6110",21.7142003755852,0.35,0.045,0.35
"5110",29.4220749018847,0.3,0.045,0.35
"4110",42.2206987137373,0.25,0.045,0.35
"3110",65.7975119795905,0.2,0.045,0.35
"2110",116.751771026413,0.15,0.045,0.35
"1110",262.354946222257,0.1,0.045,0.35
"9111",12.3259129925596,0.5,0.045,0.4
"8111",15.1813729818883,0.45,0.045,0.4
"7111",19.1849024039763,0.4,0.045,0.4
"6111",25.0356315589286,0.35,0.045,0.4
"5111",34.0611879341012,0.3,0.045,0.4
"4111",49.0408761243899,0.25,0.045,0.4
"3111",76.6286255331862,0.2,0.045,0.4
"2111",136.244186564753,0.15,0.045,0.4
"1111",306.58903478458,0.1,0.045,0.4
"9112",13.8408007163059,0.5,0.045,0.45
"8112",17.1383427497259,0.45,0.045,0.45
"7112",21.7560462189206,0.4,0.045,0.45
"6112",28.4990035729002,0.35,0.045,0.45
"5112",38.8958026302823,0.3,0.045,0.45
"4112",56.1462750501207,0.25,0.045,0.45
"3112",87.91101548009,0.2,0.045,0.45
"2112",156.547436226342,0.15,0.045,0.45
"1112",352.662025427395,0.1,0.045,0.45
"9113",15.4415994812896,0.5,0.045,0.5
"8113",19.2029180308201,0.45,0.045,0.5
"7113",24.4658818202252,0.4,0.045,0.5
"6113",32.1469443956731,0.35,0.045,0.5
"5113",43.9862808657002,0.3,0.045,0.5
"4113",63.626273808469,0.25,0.045,0.5
"3113",99.7870327213537,0.2,0.045,0.5
"2113",177.917981037828,0.15,0.045,0.5
"1113",401.156328117371,0.1,0.045,0.5
"9114",17.1501999291927,0.5,0.045,0.55
"8114",21.4042219347208,0.45,0.045,0.55
"7114",27.3531919994304,0.4,0.045,0.55
"6114",36.0322842103804,0.35,0.045,0.55
"5114",49.406643923373,0.3,0.045,0.55
"4114",71.5899915735476,0.25,0.045,0.55
"3114",112.430194962689,0.2,0.045,0.55
"2114",200.66832231962,0.15,0.045,0.55
"1114",452.781135808885,0.1,0.045,0.55
"9115",18.9958738847433,0.5,0.045,0.6
"8115",23.780417174495,0.45,0.045,0.6
"7115",30.4685003469494,0.4,0.045,0.6
"6115",40.2231343346413,0.35,0.045,0.6
"5115",55.2523162311623,0.3,0.045,0.6
"4115",80.1776909657395,0.25,0.045,0.6
"3115",126.063346188029,0.2,0.045,0.6
"2115",225.199534700516,0.15,0.045,0.6
"1115",508.446622937055,0.1,0.045,0.6
"9116",21.0189932187627,0.5,0.045,0.65
"8116",26.3836677044786,0.45,0.045,0.65
"7116",33.8803144108084,0.4,0.045,0.65
"6116",44.8119323814285,0.35,0.045,0.65
"5116",61.652252227703,0.3,0.045,0.65
"4116",89.5790160069777,0.25,0.045,0.65
"3116",140.98761525826,0.2,0.045,0.65
"2116",252.05350572545,0.15,0.045,0.65
"1116",569.382406239175,0.1,0.045,0.65
"9117",23.2775782565449,0.5,0.045,0.7
"8117",29.2887582075796,0.45,0.045,0.7
"7117",37.6867656765924,0.4,0.045,0.7
"6117",49.9306906185492,0.35,0.045,0.7
"5117",68.7906419147433,0.3,0.045,0.7
"4117",100.064523645563,0.25,0.045,0.7
"3117",157.632467567956,0.2,0.045,0.7
"2117",282.003051196785,0.15,0.045,0.7
"1117",637.34233174466,0.1,0.045,0.7
"9118",25.860193651401,0.5,0.045,0.75
"8118",32.6096188991977,0.45,0.045,0.75
"7118",42.0371141124072,0.4,0.045,0.75
"6118",55.7801735315473,0.35,0.045,0.75
"5118",76.9474109032973,0.3,0.045,0.75
"4118",112.045446999502,0.25,0.045,0.75
"3118",176.650757796854,0.2,0.045,0.75
"2118",316.222814030415,0.15,0.045,0.75
"1118",714.991655676095,0.1,0.045,0.75
"9119",28.9130814355935,0.5,0.045,0.8
"8119",36.5342554115632,0.45,0.045,0.8
"7119",47.1776155618533,0.4,0.045,0.8
"6119",62.6913999632974,0.35,0.045,0.8
"5119",86.5841337338459,0.3,0.045,0.8
"4119",126.199619526774,0.25,0.045,0.8
"3119",199.118445689054,0.2,0.045,0.8
"2119",356.648757054877,0.15,0.045,0.8
"1119",806.723365221332,0.1,0.045,0.8
"9120",4.56963385619859,0.5,0.05,0.1
"8120",4.90165222139773,0.45,0.05,0.1
"7120",5.36274193468755,0.4,0.05,0.1
"6120",6.04299880343321,0.35,0.05,0.1
"5120",7.1249412791362,0.3,0.05,0.1
"4120",9.00747865741935,0.25,0.05,0.1
"3120",12.6472763361446,0.2,0.05,0.1
"2120",20.7758878704986,0.15,0.05,0.1
"1120",44.329114895116,0.1,0.05,0.1
"9121",5.48004544168802,0.5,0.05,0.15
"8121",6.15970425999465,0.45,0.05,0.15
"7121",7.14361075595133,0.4,0.05,0.15
"6121",8.63078708366474,0.35,0.05,0.15
"5121",10.9931857222562,0.3,0.05,0.15
"4121",14.9971907677303,0.25,0.05,0.15
"3121",22.4624464003647,0.2,0.05,0.15
"2121",38.6886602875308,0.15,0.05,0.15
"1121",85.1531636028202,0.1,0.05,0.15
"9122",6.57667441668922,0.5,0.05,0.2
"8122",7.65657530780633,0.45,0.05,0.2
"7122",9.20597499442478,0.4,0.05,0.2
"6122",11.5119268522855,0.35,0.05,0.2
"5122",15.114561009643,0.3,0.05,0.2
"4122",21.1405029731894,0.25,0.05,0.2
"3122",32.2848739879758,0.2,0.05,0.2
"2122",56.4141790816826,0.15,0.05,0.2
"1122",125.41183060966,0.1,0.05,0.2
"9123",7.78705143075614,0.5,0.05,0.25
"8123",9.27089289759535,0.45,0.05,0.25
"7123",11.3774953561313,0.4,0.05,0.25
"6123",14.4833961115641,0.35,0.05,0.25
"5123",19.3021117325596,0.3,0.05,0.25
"4123",27.326701018506,0.25,0.05,0.25
"3123",42.1320421793722,0.2,0.05,0.25
"2123",74.1525465677438,0.15,0.05,0.25
"1123",165.677749326144,0.1,0.05,0.25
"9124",9.06998192744839,0.5,0.05,0.3
"8124",10.9562479920503,0.45,0.05,0.3
"7124",13.6172659113838,0.4,0.05,0.3
"6124",17.5222638474626,0.35,0.05,0.3
"5124",23.5620679602943,0.3,0.05,0.3
"4124",33.6017005746752,0.25,0.05,0.3
"3124",52.1067239564125,0.2,0.05,0.3
"2124",92.110683797044,0.15,0.05,0.3
"1124",206.435384492555,0.1,0.05,0.3
"9125",10.4127010952262,0.5,0.05,0.35
"8125",12.7051843094591,0.45,0.05,0.35
"7125",15.9275807813095,0.4,0.05,0.35
"6125",20.6447079958573,0.35,0.05,0.35
"5125",27.9291996930655,0.3,0.05,0.35
"4125",40.0267284861221,0.25,0.05,0.35
"3125",62.3139140178053,0.2,0.05,0.35
"2125",110.483006817241,0.15,0.05,0.35
"1125",248.129713018115,0.1,0.05,0.35
"9126",11.8170865955752,0.5,0.05,0.4
"8126",14.5256295857254,0.45,0.05,0.4
"7126",18.3246832708836,0.4,0.05,0.4
"6126",23.878031677446,0.35,0.05,0.4
"5126",32.4462237478848,0.3,0.05,0.4
"4126",46.668182369745,0.25,0.05,0.4
"3126",72.8618009971916,0.2,0.05,0.4
"2126",129.466158798907,0.15,0.05,0.4
"1126",291.208489958345,0.1,0.05,0.4
"9127",13.2929924419488,0.5,0.05,0.45
"8127",16.4332781473367,0.45,0.05,0.45
"7127",20.8319495014264,0.4,0.05,0.45
"6127",27.2561114213864,0.35,0.05,0.45
"5127",37.1623842661623,0.3,0.05,0.45
"4127",53.5999691369585,0.25,0.05,0.45
"3127",83.8689164685339,0.2,0.05,0.45
"2127",149.274342617492,0.15,0.05,0.45
"1127",336.158292093471,0.1,0.05,0.45
"9128",14.8557575918005,0.5,0.05,0.5
"8128",18.449583099842,0.45,0.05,0.5
"7128",23.4790198035797,0.4,0.05,0.5
"6128",30.8200514687901,0.35,0.05,0.5
"5128",42.1360558670481,0.3,0.05,0.5
"4128",60.9086678351026,0.25,0.05,0.5
"3128",95.4732157823405,0.2,0.05,0.5
"2128",170.156149432055,0.15,0.05,0.5
"1128",383.543717562855,0.1,0.05,0.5
"9129",16.5266130298693,0.5,0.05,0.55
"8129",20.6027469067411,0.45,0.05,0.55
"7129",26.3036278142203,0.4,0.05,0.55
"6129",34.6213415854343,0.35,0.05,0.55
"5129",47.4394715136765,0.3,0.05,0.55
"4129",68.700772530329,0.25,0.05,0.55
"3129",107.844121197087,0.2,0.05,0.55
"2129",192.416743720957,0.15,0.05,0.55
"1129",434.057324645956,0.1,0.05,0.55
"9130",18.3340634401144,0.5,0.05,0.6
"8130",22.9301208223889,0.45,0.05,0.6
"7130",29.3552216328929,0.4,0.05,0.6
"6130",38.7267450672434,0.35,0.05,0.6
"5130",53.1661802646276,0.3,0.05,0.6
"4130",77.1138838167285,0.25,0.05,0.6
"3130",121.200262918184,0.2,0.05,0.6
"2130",216.449630598726,0.15,0.05,0.6
"1130",488.592124329442,0.1,0.05,0.6
"9131",20.3178057178845,0.5,0.05,0.65
"8131",25.4829763126444,0.45,0.05,0.65
"7131",32.7012137537574,0.4,0.05,0.65
"6131",43.2272554690736,0.35,0.05,0.65
"5131",59.4430705867821,0.3,0.05,0.65
"4131",86.3346128866748,0.25,0.05,0.65
"3131",135.8379646189,0.2,0.05,0.65
"2131",242.788058340479,0.15,0.05,0.65
"1131",548.358162184784,0.1,0.05,0.65
"9132",22.5349782513012,0.5,0.05,0.7
"8132",28.3350072975466,0.45,0.05,0.7
"7132",36.4383161829128,0.4,0.05,0.7
"6132",48.2528972473373,0.35,0.05,0.7
"5132",66.4517479650769,0.3,0.05,0.7
"4132",96.6297063235688,0.25,0.05,0.7
"3132",152.180648860947,0.2,0.05,0.7
"2132",272.193983374932,0.15,0.05,0.7
"1132",615.084572495778,0.1,0.05,0.7
"9133",25.0729705735083,0.5,0.05,0.75
"8133",31.5986782418107,0.45,0.05,0.75
"7133",40.7138449138523,0.4,0.05,0.75
"6133",54.0018725893783,0.35,0.05,0.75
"5133",74.4685189516498,0.3,0.05,0.75
"4133",108.405084576279,0.25,0.05,0.75
"3133",170.87272075314,0.2,0.05,0.75
"2133",305.826842488088,0.15,0.05,0.75
"1133",691.402184500229,0.1,0.05,0.75
"9134",28.076176080796,0.5,0.05,0.8
"8134",35.4595999363936,0.45,0.05,0.8
"7134",45.7710561728001,0.4,0.05,0.8
"6134",60.801212997729,0.35,0.05,0.8
"5134",83.9493166175051,0.3,0.05,0.8
"4134",122.330343209815,0.25,0.05,0.8
"3134",192.977058597699,0.2,0.05,0.8
"2134",345.599066705736,0.15,0.05,0.8
"1134",781.650566359608,0.1,0.05,0.8
