"","n","d","alpha","power"
"13",6.95018880784234,0.8,0.01,0.1
"12",7.66685907070908,0.75,0.01,0.1
"11",8.54314863510756,0.7,0.01,0.1
"10",9.63020704423487,0.65,0.01,0.1
"9",11.0012962319511,0.6,0.01,0.1
"8",12.7644141267163,0.55,0.01,0.1
"7",15.0841153031758,0.5,0.01,0.1
"6",18.2211852016357,0.45,0.01,0.1
"5",22.6090406994337,0.4,0.01,0.1
"4",29.0115490343577,0.35,0.01,0.1
"3",38.8789326025301,0.3,0.01,0.1
"2",55.2467908069832,0.25,0.01,0.1
"1",85.3820209119565,0.2,0.01,0.1
"131",9.12139284850726,0.8,0.01,0.15
"121",10.1363905751795,0.75,0.01,0.15
"111",11.3776779406397,0.7,0.01,0.15
"101",12.9175610549004,0.65,0.01,0.15
"91",14.8596583477898,0.6,0.01,0.15
"81",17.3568108292718,0.55,0.01,0.15
"71",20.6417729940182,0.5,0.01,0.15
"61",25.0835512298605,0.45,0.01,0.15
"51",31.2954292197704,0.4,0.01,0.15
"41",40.3583298128009,0.35,0.01,0.15
"31",54.3244861244843,0.3,0.01,0.15
"21",77.4896572564895,0.25,0.01,0.15
"14",120.137744603912,0.2,0.01,0.15
"132",11.1120725012592,0.8,0.01,0.2
"122",12.4015288187769,0.75,0.01,0.2
"112",13.9783090703345,0.7,0.01,0.2
"102",15.934188301698,0.65,0.01,0.2
"92",18.4006361883301,0.6,0.01,0.2
"82",21.5715946554976,0.55,0.01,0.2
"72",25.7424516561166,0.5,0.01,0.2
"62",31.3815892904298,0.45,0.01,0.2
"52",39.2672625991948,0.4,0.01,0.2
"42",50.7714446518016,0.35,0.01,0.2
"32",68.4987282505981,0.3,0.01,0.2
"22",97.9013774830798,0.25,0.01,0.2
"15",152.031808189515,0.2,0.01,0.2
"133",13.0083109358753,0.8,0.01,0.25
"123",14.5594171920084,0.75,0.01,0.25
"113",16.4559479359199,0.7,0.01,0.25
"103",18.8082158853587,0.65,0.01,0.25
"93",21.7742486594325,0.6,0.01,0.25
"83",25.5871422920426,0.55,0.01,0.25
"73",30.6019675314844,0.5,0.01,0.25
"63",37.3816594349226,0.45,0.01,0.25
"53",46.8618095594309,0.4,0.01,0.25
"43",60.6914970747762,0.35,0.01,0.25
"33",82.0017047160418,0.3,0.01,0.25
"23",117.346256017946,0.25,0.01,0.25
"16",182.41492743907,0.2,0.01,0.25
"134",14.859847224681,0.8,0.01,0.3
"124",16.6664836190687,0.75,0.01,0.3
"114",18.875293790057,0.7,0.01,0.3
"104",21.6145879912654,0.65,0.01,0.3
"94",25.0684055322259,0.6,0.01,0.3
"84",29.5080116479816,0.55,0.01,0.3
"74",35.3467942152645,0.5,0.01,0.3
"64",43.2400506508484,0.45,0.01,0.3
"54",54.276922063933,0.4,0.01,0.3
"44",70.3770749650855,0.35,0.01,0.3
"34",95.185336369811,0.3,0.01,0.3
"24",136.331116751258,0.25,0.01,0.3
"17",212.079224923336,0.2,0.01,0.3
"135",16.7012672186427,0.8,0.01,0.35
"125",18.7620452291791,0.75,0.01,0.35
"115",21.2814028327509,0.7,0.01,0.35
"105",24.4055869176079,0.65,0.01,0.35
"95",28.3444441306055,0.6,0.01,0.35
"85",33.4072697560669,0.55,0.01,0.35
"75",40.0654138870984,0.5,0.01,0.35
"65",49.0659881876525,0.45,0.01,0.35
"55",61.6508189168704,0.4,0.01,0.35
"45",80.0087354201792,0.35,0.01,0.35
"35",108.295491808158,0.3,0.01,0.35
"25",155.210119326599,0.25,0.01,0.35
"18",241.577990589252,0.2,0.01,0.35
"136",18.5604927343099,0.8,0.01,0.4
"126",20.8778494490822,0.75,0.01,0.4
"116",23.710643677898,0.7,0.01,0.4
"106",27.2233946096821,0.65,0.01,0.4
"96",31.6519162181443,0.6,0.01,0.4
"86",37.3438808472691,0.55,0.01,0.4
"76",44.8291517524908,0.5,0.01,0.4
"66",54.9475961146881,0.45,0.01,0.4
"56",69.0950992089007,0.4,0.01,0.4
"46",89.7322416178495,0.35,0.01,0.4
"36",121.530620816173,0.3,0.01,0.4
"26",174.269023962232,0.25,0.01,0.4
"19",271.357775145232,0.2,0.01,0.4
"137",20.4629751666479,0.8,0.01,0.45
"127",23.04285882808,0.75,0.01,0.45
"117",26.1964336970354,0.7,0.01,0.45
"107",30.1067128693684,0.65,0.01,0.45
"97",35.0362185547946,0.6,0.01,0.45
"87",41.3719041169251,0.55,0.01,0.45
"77",49.7034343340516,0.5,0.01,0.45
"67",60.9655593966954,0.45,0.01,0.45
"57",76.7119943751647,0.4,0.01,0.45
"47",99.6811724172656,0.35,0.01,0.45
"37",135.072522820941,0.3,0.01,0.45
"27",193.769628518886,0.25,0.01,0.45
"110",301.827714794621,0.2,0.01,0.45
"138",22.4348808946643,0.8,0.01,0.5
"128",25.2868450877464,0.75,0.01,0.5
"118",28.772809060731,0.7,0.01,0.5
"108",33.0951140760471,0.65,0.01,0.5
"98",38.5438233278026,0.6,0.01,0.5
"88",45.546600568626,0.55,0.01,0.5
"78",54.7551902320826,0.5,0.01,0.5
"68",67.2026583270013,0.45,0.01,0.5
"58",84.6061192948748,0.4,0.01,0.5
"48",109.992153585562,0.35,0.01,0.5
"38",149.107195782809,0.3,0.01,0.5
"28",213.979805989751,0.25,0.01,0.5
"119",333.406317044494,0.2,0.01,0.5
"139",24.5055754598393,0.8,0.01,0.55
"129",27.6432338123404,0.75,0.01,0.55
"1110",31.4782120115964,0.7,0.01,0.55
"109",36.2331032539798,0.65,0.01,0.55
"99",42.2269830442238,0.6,0.01,0.55
"89",49.930190457528,0.55,0.01,0.55
"79",60.0596701671824,0.5,0.01,0.55
"69",73.7517074412541,0.45,0.01,0.55
"59",92.8950546074707,0.4,0.01,0.55
"49",120.818800001234,0.35,0.01,0.55
"39",163.843685538829,0.3,0.01,0.55
"29",235.200579297331,0.25,0.01,0.55
"120",366.563977011713,0.2,0.01,0.55
"1310",26.7108584507458,0.8,0.01,0.6
"1210",30.1526956525222,0.75,0.01,0.6
"1111",34.3593309015088,0.7,0.01,0.6
"1010",39.5748450561457,0.65,0.01,0.6
"910",46.1492098096476,0.6,0.01,0.6
"810",54.5983476812732,0.55,0.01,0.6
"710",65.7084572871359,0.5,0.01,0.6
"610",80.7258027779562,0.45,0.01,0.6
"510",101.72192540309,0.4,0.01,0.6
"410",132.348036639238,0.35,0.01,0.6
"310",179.536483292441,0.3,0.01,0.6
"210",257.798416041026,0.25,0.01,0.6
"130",401.873244311772,0.2,0.01,0.6
"1311",29.0973603939003,0.8,0.01,0.65
"1211",32.8683698480451,0.75,0.01,0.65
"1112",37.4771680541772,0.7,0.01,0.65
"1011",43.1911504822039,0.65,0.01,0.65
"911",50.3936940550161,0.6,0.01,0.65
"811",59.6498961346647,0.55,0.01,0.65
"711",71.8210968462316,0.5,0.01,0.65
"611",88.272568086146,0.45,0.01,0.65
"511",111.273588330647,0.4,0.01,0.65
"411",144.823903916431,0.35,0.01,0.65
"311",196.517741101156,0.3,0.01,0.65
"211",282.251619982466,0.25,0.01,0.65
"140",440.08158597115,0.2,0.01,0.65
"1312",31.7302928624825,0.8,0.01,0.7
"1212",35.8643911186202,0.75,0.01,0.7
"1113",40.9168339839506,0.7,0.01,0.7
"1012",47.1807026450923,0.65,0.01,0.7
"912",55.0761803529092,0.6,0.01,0.7
"812",65.2227440411527,0.55,0.01,0.7
"712",78.5645935037181,0.5,0.01,0.7
"612",96.598143807973,0.45,0.01,0.7
"512",121.810881030495,0.4,0.01,0.7
"412",158.587110561158,0.35,0.01,0.7
"312",215.251222511478,0.3,0.01,0.7
"212",309.227991161861,0.25,0.01,0.7
"141",482.232319167073,0.2,0.01,0.7
"1313",34.7073519555702,0.8,0.01,0.75
"1213",39.2520281768429,0.75,0.01,0.75
"1114",44.806036865806,0.7,0.01,0.75
"1013",51.6915953089952,0.65,0.01,0.75
"913",60.3705355930788,0.6,0.01,0.75
"813",71.5237993595076,0.55,0.01,0.75
"713",86.1891310478461,0.5,0.01,0.75
"613",106.011424475203,0.45,0.01,0.75
"513",133.724798324225,0.4,0.01,0.75
"413",174.148396289908,0.35,0.01,0.75
"313",236.432064907797,0.3,0.01,0.75
"213",339.728590183993,0.25,0.01,0.75
"142",529.889663505139,0.2,0.01,0.75
"1314",38.1883130042536,0.8,0.01,0.8
"1214",43.2129317641459,0.75,0.01,0.8
"1115",49.3533551422003,0.7,0.01,0.8
"1014",56.9657559624493,0.65,0.01,0.8
"914",66.5606771001093,0.6,0.01,0.8
"814",78.890902268947,0.55,0.01,0.8
"714",95.1036197869105,0.5,0.01,0.8
"614",117.017259481305,0.45,0.01,0.8
"514",147.654292649394,0.4,0.01,0.8
"414",192.34225226541,0.35,0.01,0.8
"314",261.196107519278,0.3,0.01,0.8
"214",375.389032684398,0.25,0.01,0.8
"143",585.609269457037,0.2,0.01,0.8
"1315",5.6961907266215,0.8,0.015,0.1
"1215",6.25915225084653,0.75,0.015,0.1
"1116",6.94803447091741,0.7,0.015,0.1
"1015",7.80323887799257,0.65,0.015,0.1
"915",8.88265923504637,0.6,0.015,0.1
"815",10.2716251109387,0.55,0.015,0.1
"715",12.1001321331412,0.5,0.015,0.1
"615",14.574168764692,0.45,0.015,0.1
"515",18.0360438816715,0.4,0.015,0.1
"415",23.0890079013542,0.35,0.015,0.1
"315",30.8783004046855,0.3,0.015,0.1
"215",43.8010394513207,0.25,0.015,0.1
"144",67.5957335718832,0.2,0.015,0.1
"1316",7.64352627376216,0.8,0.015,0.15
"1216",8.47518837559675,0.75,0.015,0.15
"1117",9.49288234270971,0.7,0.015,0.15
"1016",10.7560251357761,0.65,0.015,0.15
"916",12.3499006286383,0.6,0.015,0.15
"816",14.4001175014192,0.55,0.015,0.15
"716",17.0980958539958,0.5,0.015,0.15
"616",20.7472037694076,0.45,0.015,0.15
"516",25.8516371196791,0.4,0.015,0.15
"416",33.3000179905245,0.35,0.015,0.15
"316",44.7794517846131,0.3,0.015,0.15
"216",63.8213823887718,0.25,0.015,0.15
"145",98.8799935511244,0.2,0.015,0.15
"1317",9.45610682385146,0.8,0.015,0.2
"1217",10.53860196999,0.75,0.015,0.2
"1118",11.8628196480186,0.7,0.015,0.2
"1017",13.5060413209783,0.65,0.015,0.2
"917",15.578929543662,0.6,0.015,0.2
"817",18.244590514353,0.55,0.015,0.2
"717",21.7517054939142,0.5,0.015,0.2
"617",26.4941817186747,0.45,0.015,0.2
"517",33.1269166845035,0.4,0.015,0.2
"417",42.8041310117613,0.35,0.015,0.2
"317",57.7172258491183,0.3,0.015,0.2
"217",82.4532746633699,0.25,0.015,0.2
"146",127.993636056639,0.2,0.015,0.2
"1318",11.1999382400607,0.8,0.015,0.25
"1218",12.5236848550482,0.75,0.015,0.25
"1119",14.1427565952882,0.7,0.015,0.25
"1018",16.1514582091476,0.65,0.015,0.25
"918",18.6848786751193,0.6,0.015,0.25
"818",21.9422388559556,0.55,0.015,0.25
"718",26.2271146889738,0.5,0.015,0.25
"618",32.0206346348474,0.45,0.015,0.25
"518",40.1225981812345,0.4,0.015,0.25
"418",51.9425179822449,0.35,0.015,0.25
"318",70.1566616618086,0.3,0.015,0.25
"218",100.36707989204,0.25,0.015,0.25
"147",155.984845000825,0.2,0.015,0.25
"1319",12.914912944118,0.8,0.015,0.3
"1219",14.4758979026288,0.75,0.015,0.3
"1120",16.3847941956336,0.7,0.015,0.3
"1019",18.7526806195265,0.65,0.015,0.3
"919",21.7387240609622,0.6,0.015,0.3
"819",25.5775980125316,0.55,0.015,0.3
"719",30.6269138061255,0.5,0.015,0.3
"619",37.4534868045152,0.45,0.015,0.3
"519",46.9994569026945,0.4,0.015,0.3
"419",60.9254127339648,0.35,0.015,0.3
"319",82.3842274058682,0.3,0.015,0.3
"219",117.975433937661,0.25,0.015,0.3
"148",183.498557824139,0.2,0.015,0.3
"1320",14.6301156922498,0.8,0.015,0.35
"1220",16.4282212656603,0.75,0.015,0.35
"1121",18.6268262571672,0.7,0.015,0.35
"1020",21.3537577560176,0.65,0.015,0.35
"920",24.7922292284858,0.6,0.015,0.35
"820",29.2123586559495,0.55,0.015,0.35
"720",35.0258050627124,0.5,0.015,0.35
"620",42.8849654688854,0.45,0.015,0.35
"520",53.8744183859926,0.4,0.015,0.35
"420",69.9056707343516,0.35,0.015,0.35
"320",94.6079479216512,0.3,0.015,0.35
"220",135.578202433805,0.25,0.015,0.35
"149",211.003403898468,0.2,0.015,0.35
"1321",16.3697182312905,0.8,0.015,0.4
"1221",18.4082399215153,0.75,0.015,0.4
"1122",20.900555448942,0.7,0.015,0.4
"1021",23.9914941830549,0.65,0.015,0.4
"921",27.888640081234,0.6,0.015,0.4
"821",32.8980584559924,0.55,0.015,0.4
"721",39.4861879282682,0.5,0.015,0.4
"621",48.3922900992708,0.45,0.015,0.4
"521",60.845231535287,0.4,0.015,0.4
"421",79.0109407940924,0.35,0.015,0.4
"321",107.001757916778,0.3,0.015,0.4
"221",153.425738820441,0.25,0.015,0.4
"150",238.89059584061,0.2,0.015,0.4
"1322",18.1566898174916,0.8,0.015,0.45
"1222",20.4420843436534,0.75,0.015,0.45
"1123",23.2360163556016,0.7,0.015,0.45
"1022",26.7007057327908,0.65,0.015,0.45
"922",31.0688395875899,0.6,0.015,0.45
"822",36.6833507487418,0.55,0.015,0.45
"722",44.06700209889,0.5,0.015,0.45
"622",54.0481880401428,0.45,0.015,0.45
"522",68.0040108410532,0.4,0.015,0.45
"422",88.3617060087948,0.35,0.015,0.45
"322",119.729597564162,0.3,0.015,0.45
"222",171.754235442706,0.25,0.015,0.45
"151",267.529176409968,0.2,0.015,0.45
"1323",20.0150371370063,0.8,0.015,0.5
"1223",22.5571110259324,0.75,0.015,0.5
"1124",25.6645598412735,0.7,0.015,0.5
"1023",29.5178565446298,0.65,0.015,0.5
"923",34.3756663112081,0.6,0.015,0.5
"823",40.6193135796222,0.55,0.015,0.5
"723",48.8300057681553,0.5,0.015,0.5
"623",59.9289380809145,0.45,0.015,0.5
"523",75.447294530779,0.4,0.015,0.5
"423",98.083930798547,0.35,0.015,0.5
"323",132.963064835613,0.3,0.015,0.5
"223",190.810768905358,0.25,0.015,0.5
"152",297.305307893615,0.2,0.015,0.5
"1324",21.972366481306,0.8,0.015,0.55
"1224",24.784617479083,0.75,0.015,0.55
"1125",28.2222267215284,0.7,0.015,0.55
"1024",32.484683941485,0.65,0.015,0.55
"924",37.8580778465764,0.6,0.015,0.55
"824",44.764182338388,0.55,0.015,0.55
"724",53.8457757627788,0.5,0.015,0.55
"624",66.1216963540928,0.45,0.015,0.55
"524",83.2854103663211,0.4,0.015,0.55
"424",108.321855725009,0.35,0.015,0.55
"324",146.898341287943,0.3,0.015,0.55
"224",210.877872784619,0.25,0.015,0.55
"153",328.660429021414,0.2,0.015,0.55
"1325",24.0624907382955,0.8,0.015,0.6
"1225",27.1632700552526,0.75,0.015,0.6
"1126",30.9533125226153,0.7,0.015,0.6
"1025",35.6525983147557,0.65,0.015,0.6
"925",41.5764584119529,0.6,0.015,0.6
"825",49.1898168430972,0.55,0.015,0.6
"725",59.2012395890614,0.5,0.015,0.6
"625",72.7337762321983,0.45,0.015,0.6
"525",91.6542096001174,0.4,0.015,0.6
"425",119.252886704023,0.35,0.015,0.6
"325",161.776990240418,0.3,0.015,0.6
"225",232.303415482672,0.25,0.015,0.6
"154",362.138055464537,0.2,0.015,0.6
"1326",26.3300823339761,0.8,0.015,0.65
"1226",29.7437967015535,0.75,0.015,0.65
"1127",33.9161496209112,0.7,0.015,0.65
"1026",39.0892592345883,0.65,0.015,0.65
"926",45.6102090239889,0.6,0.015,0.65
"826",53.9907564683017,0.55,0.015,0.65
"726",65.0107871408023,0.5,0.015,0.65
"626",79.9064225040456,0.45,0.015,0.65
"526",100.732438343493,0.4,0.015,0.65
"426",131.110459494913,0.35,0.015,0.65
"326",177.91678635779,0.3,0.015,0.65
"226",255.544973749013,0.25,0.015,0.65
"155",398.453227153999,0.2,0.015,0.65
"1327",28.8377880492321,0.8,0.015,0.7
"1227",32.5975055069669,0.75,0.015,0.7
"1128",37.1925368638803,0.7,0.015,0.7
"1027",42.8895914346755,0.65,0.015,0.7
"927",50.0707362940597,0.6,0.015,0.7
"827",59.2995694034742,0.55,0.015,0.7
"727",71.4348228665169,0.5,0.015,0.7
"627",87.8377178508428,0.45,0.015,0.7
"527",110.770793727546,0.4,0.015,0.7
"427",144.222129485366,0.35,0.015,0.7
"327",195.763463706289,0.3,0.015,0.7
"227",281.244438284763,0.25,0.015,0.7
"156",438.608849844402,0.2,0.015,0.7
"1328",31.6798262305284,0.8,0.015,0.75
"1228",35.8315906509289,0.75,0.015,0.75
"1129",40.9056238035515,0.7,0.015,0.75
"1028",47.1963042266492,0.65,0.015,0.75
"928",55.1256030187479,0.6,0.015,0.75
"828",65.3156894419801,0.55,0.015,0.75
"728",78.7146870536799,0.5,0.015,0.75
"628",96.8255665614395,0.45,0.015,0.75
"528",122.146369370869,0.4,0.015,0.75
"428",159.08029470716,0.35,0.015,0.75
"328",215.987362794113,0.3,0.015,0.75
"228",310.367056755063,0.25,0.015,0.75
"157",484.113148283896,0.2,0.015,0.75
"1329",35.0104756990174,0.8,0.015,0.8
"1229",39.6216072379462,0.75,0.015,0.8
"1130",45.2568798066485,0.7,0.015,0.8
"1029",52.2431824187787,0.65,0.015,0.8
"929",61.0491024926513,0.6,0.015,0.8
"829",72.3655345106382,0.55,0.015,0.8
"729",87.2453987782974,0.5,0.015,0.8
"629",107.35765907415,0.45,0.015,0.8
"529",135.47637394816,0.4,0.015,0.8
"429",176.491207220716,0.35,0.015,0.8
"329",239.685805309,0.3,0.015,0.8
"229",344.493053608408,0.25,0.015,0.8
"158",537.435216139408,0.2,0.015,0.8
"1330",4.85842852418666,0.8,0.02,0.1
"1230",5.3185747950189,0.75,0.02,0.1
"1131",5.8820741177451,0.7,0.02,0.1
"1030",6.58217585380763,0.65,0.02,0.1
"930",7.4665206427953,0.6,0.02,0.1
"830",8.60531542994647,0.55,0.02,0.1
"730",10.1054992996163,0.5,0.02,0.1
"630",12.1364994375223,0.45,0.02,0.1
"530",14.9798317462701,0.4,0.02,0.1
"430",19.13156370777,0.35,0.02,0.1
"330",25.533417524826,0.3,0.02,0.1
"230",36.1563123138849,0.25,0.02,0.1
"159",55.7186476142289,0.2,0.02,0.1
"1331",6.64092278530965,0.8,0.02,0.15
"1231",7.34808571576285,0.75,0.02,0.15
"1132",8.21400053351135,0.7,0.02,0.15
"1031",9.28934809282888,0.65,0.02,0.15
"931",10.6469744956233,0.6,0.02,0.15
"831",12.3940860766284,0.55,0.02,0.15
"731",14.6940583526422,0.5,0.02,0.15
"631",17.8057943763218,0.45,0.02,0.15
"531",22.1595717762961,0.4,0.02,0.15
"431",28.5137187260862,0.35,0.02,0.15
"331",38.3079456393443,0.3,0.02,0.15
"231",54.5558104412416,0.25,0.02,0.15
"160",84.4716386352276,0.2,0.02,0.15
"1332",8.32184896088817,0.8,0.02,0.2
"1232",9.26246375870844,0.75,0.02,0.2
"1133",10.4136956177683,0.7,0.02,0.2
"1032",11.842816796716,0.65,0.02,0.2
"932",13.6462282508818,0.6,0.02,0.2
"832",15.9660196166395,0.55,0.02,0.2
"732",19.018763831634,0.5,0.02,0.2
"632",23.1475894329467,0.45,0.02,0.2
"532",28.9228832398179,0.4,0.02,0.2
"432",37.349931134089,0.35,0.02,0.2
"332",50.3373543166955,0.3,0.02,0.2
"232",71.8803207485318,0.25,0.02,0.2
"161",111.543110303129,0.2,0.02,0.2
"1333",9.95283646520809,0.8,0.02,0.25
"1233",11.1197932185913,0.75,0.02,0.25
"1134",12.5475630348393,0.7,0.02,0.25
"1033",14.3193994966613,0.65,0.02,0.25
"933",16.5546180156415,0.6,0.02,0.25
"833",19.4291182306496,0.55,0.02,0.25
"733",23.2109417279154,0.5,0.02,0.25
"633",28.3249328242733,0.45,0.02,0.25
"533",35.4771749852221,0.4,0.02,0.25
"433",45.9122713139688,0.35,0.02,0.25
"333",61.9931608299846,0.3,0.02,0.25
"233",88.6660504471638,0.25,0.02,0.25
"162",137.772010188293,0.2,0.02,0.25
"1334",11.5667742708829,0.8,0.02,0.3
"1234",12.9574780100526,0.75,0.02,0.3
"1135",14.6585355239105,0.7,0.02,0.3
"1034",16.7690564445673,0.65,0.02,0.3
"934",19.4309977115533,0.6,0.02,0.3
"834",22.8536640921617,0.55,0.02,0.3
"734",27.356022095957,0.5,0.02,0.3
"634",33.4436327778192,0.45,0.02,0.3
"534",41.9568057866763,0.4,0.02,0.3
"434",54.3766492279496,0.35,0.02,0.3
"334",73.5152188903722,0.3,0.02,0.3
"234",105.258745336168,0.25,0.02,0.3
"163",163.698951961734,0.2,0.02,0.3
"1335",13.1885306047005,0.8,0.02,0.35
"1235",14.8038173615431,0.75,0.02,0.35
"1136",16.7792472950869,0.7,0.02,0.35
"1035",19.2297487295047,0.65,0.02,0.35
"935",22.3200473827064,0.6,0.02,0.35
"835",26.2930037847874,0.55,0.02,0.35
"735",31.5187181044139,0.5,0.02,0.35
"635",38.5838082855391,0.45,0.02,0.35
"535",48.4633338757497,0.4,0.02,0.35
"435",62.8758544832603,0.35,0.02,0.35
"335",85.0843873694433,0.3,0.02,0.35
"235",121.919137143375,0.25,0.02,0.35
"164",189.731458161164,0.2,0.02,0.35
"1336",14.8396742069357,0.8,0.02,0.4
"1236",16.6834540734993,0.75,0.02,0.4
"1137",18.9380012957202,0.7,0.02,0.4
"1036",21.7343755021076,0.65,0.02,0.4
"936",25.2604718480719,0.6,0.02,0.4
"836",29.7932607501358,0.55,0.02,0.4
"736",35.7549585181671,0.5,0.02,0.4
"636",43.8145831291089,0.45,0.02,0.4
"536",55.0843212262189,0.4,0.02,0.4
"436",71.5244074970098,0.35,0.02,0.4
"336",96.8567008229941,0.3,0.02,0.4
"236",138.871829698285,0.25,0.02,0.4
"165",216.22058503234,0.2,0.02,0.4
"1337",16.541204253929,0.8,0.02,0.45
"1237",18.6202981668715,0.75,0.02,0.45
"1138",21.1622991200636,0.7,0.02,0.45
"1037",24.3148809519984,0.65,0.02,0.45
"937",28.2898090990858,0.6,0.02,0.45
"837",33.3992466909358,0.55,0.02,0.45
"737",40.1189272552082,0.5,0.02,0.45
"637",49.202912241476,0.45,0.02,0.45
"537",61.9045847316614,0.4,0.02,0.45
"437",80.4331285437239,0.35,0.02,0.45
"337",108.983012768138,0.3,0.02,0.45
"237",156.334221065882,0.25,0.02,0.45
"166",243.505983901423,0.2,0.02,0.45
"1338",18.3156071527075,0.8,0.02,0.5
"1238",20.6399693609133,0.75,0.02,0.5
"1139",23.4815586452949,0.7,0.02,0.5
"1038",27.0054402778464,0.65,0.02,0.5
"938",31.4482213437831,0.6,0.02,0.5
"838",37.1586997478697,0.55,0.02,0.5
"738",44.6685233887859,0.5,0.02,0.5
"638",54.8203181297702,0.45,0.02,0.5
"538",69.0146854658557,0.4,0.02,0.5
"438",89.7203107972762,0.35,0.02,0.5
"338",121.624386138643,0.3,0.02,0.5
"238",174.538217896901,0.25,0.02,0.5
"167",271.950097034971,0.2,0.02,0.5
"1339",20.1890404083012,0.8,0.02,0.55
"1239",22.7722317591279,0.75,0.02,0.55
"1140",25.930008034718,0.7,0.02,0.55
"1039",29.8457396952854,0.65,0.02,0.55
"939",34.7822617537146,0.6,0.02,0.55
"839",41.127109470209,0.55,0.02,0.55
"739",49.4709040603753,0.5,0.02,0.55
"639",60.7497295285526,0.45,0.02,0.55
"539",76.5196028681026,0.4,0.02,0.55
"439",99.5231240873715,0.35,0.02,0.55
"339",134.967492833312,0.3,0.02,0.55
"239",193.752683701224,0.25,0.02,0.55
"168",301.973019564809,0.2,0.02,0.55
"1340",22.1940373488393,0.8,0.02,0.6
"1240",25.0541347731145,0.75,0.02,0.6
"1141",28.5501839302111,0.7,0.02,0.6
"1040",32.8851449689835,0.65,0.02,0.6
"940",38.3499116808894,0.6,0.02,0.6
"840",45.3735052180372,0.55,0.02,0.6
"740",54.6095649433735,0.5,0.02,0.6
"640",67.0942523512122,0.45,0.02,0.6
"540",84.5498432564251,0.4,0.02,0.6
"440",110.012019620505,0.35,0.02,0.6
"340",149.244433052131,0.3,0.02,0.6
"240",214.311788179321,0.25,0.02,0.6
"169",334.096903488283,0.2,0.02,0.6
"1341",24.3737268571402,0.8,0.02,0.65
"1241",27.5347487613267,0.75,0.02,0.65
"1142",31.3984435326472,0.7,0.02,0.65
"1041",36.1890351748373,0.65,0.02,0.65
"941",42.2279630517827,0.6,0.02,0.65
"841",49.9892222416546,0.55,0.02,0.65
"741",60.1950461898804,0.5,0.02,0.65
"641",73.9903708687005,0.45,0.02,0.65
"541",93.2781496498188,0.4,0.02,0.65
"441",121.412650822804,0.35,0.02,0.65
"341",164.762286232003,0.3,0.02,0.65
"241",236.657817066909,0.25,0.02,0.65
"170",369.012808571262,0.2,0.02,0.65
"1342",26.7888660926114,0.8,0.02,0.7
"1242",30.2832464164487,0.75,0.02,0.7
"1143",34.5541821096587,0.7,0.02,0.7
"1042",39.8494512508179,0.65,0.02,0.7
"942",46.5244183565962,0.6,0.02,0.7
"842",55.1028336452426,0.55,0.02,0.7
"742",66.3829666341051,0.5,0.02,0.7
"642",81.6302278216921,0.45,0.02,0.7
"542",102.94776466841,0.4,0.02,0.7
"442",134.042696553634,0.35,0.02,0.7
"342",181.953521687957,0.3,0.02,0.7
"242",261.413459050704,0.25,0.02,0.7
"171",407.693776088178,0.2,0.02,0.7
"1343",29.5310782091572,0.8,0.02,0.75
"1243",33.4038588389164,0.75,0.02,0.75
"1144",38.137050507739,0.7,0.02,0.75
"1043",44.0052979581488,0.65,0.02,0.75
"943",51.4022534148038,0.6,0.02,0.75
"843",60.9083358739937,0.55,0.02,0.75
"743",73.4080979245285,0.5,0.02,0.75
"643",90.3036126354348,0.45,0.02,0.75
"543",113.925386398356,0.4,0.02,0.75
"443",148.381158009321,0.35,0.02,0.75
"343",201.470067975985,0.3,0.02,0.75
"243",289.517556553049,0.25,0.02,0.75
"172",451.606662219868,0.2,0.02,0.75
"1344",32.7506235897076,0.8,0.02,0.8
"1244",37.0675599238216,0.75,0.02,0.8
"1145",42.3433911412118,0.7,0.02,0.8
"1044",48.884185151801,0.65,0.02,0.8
"944",57.1286698192795,0.6,0.02,0.8
"844",67.7237315777123,0.55,0.02,0.8
"744",81.655147349869,0.5,0.02,0.8
"644",100.485559917339,0.45,0.02,0.8
"544",126.812285810383,0.4,0.02,0.8
"444",165.21336313247,0.35,0.02,0.8
"344",224.380872606229,0.3,0.02,0.8
"244",322.509387198234,0.25,0.02,0.8
"173",503.156617278009,0.2,0.02,0.8
"1345",4.2410686763207,0.8,0.025,0.1
"1245",4.62523927380276,0.75,0.025,0.1
"1146",5.0960573052625,0.7,0.025,0.1
"1045",5.68149737188758,0.65,0.025,0.1
"945",6.42164178618655,0.6,0.025,0.1
"845",7.37555132293104,0.55,0.025,0.1
"745",8.63317028769227,0.5,0.025,0.1
"645",10.3369722563354,0.45,0.025,0.1
"545",12.7236467545782,0.4,0.025,0.1
"445",16.2102300711799,0.35,0.025,0.1
"345",21.5882588094019,0.3,0.025,0.1
"245",30.5144767341732,0.25,0.025,0.1
"174",46.9547308580472,0.2,0.025,0.1
"1346",5.89234762444743,0.8,0.025,0.15
"1246",6.50638327696106,0.75,0.025,0.15
"1147",7.25878661642363,0.7,0.025,0.15
"1046",8.19377065929836,0.65,0.025,0.15
"946",9.37483171050572,0.6,0.025,0.15
"846",10.8954731939329,0.55,0.025,0.15
"746",12.8981446857953,0.5,0.025,0.15
"646",15.6085687624825,0.45,0.025,0.15
"546",19.4018582030565,0.4,0.025,0.15
"446",24.9390940202978,0.35,0.025,0.15
"346",33.4753434060748,0.3,0.025,0.15
"246",47.637590458655,0.25,0.025,0.15
"175",73.714800943678,0.2,0.025,0.15
"1347",7.46793510381107,0.8,0.025,0.2
"1247",8.30168871787592,0.75,0.025,0.2
"1148",9.32261188537814,0.7,0.025,0.2
"1047",10.5904956658649,0.65,0.025,0.2
"947",12.19101281077,0.6,0.025,0.2
"847",14.25044216446,0.55,0.025,0.2
"747",16.9612166147567,0.5,0.025,0.2
"647",20.6282091096341,0.45,0.025,0.2
"547",25.7582807589507,0.4,0.025,0.2
"447",33.2446209735057,0.35,0.025,0.2
"347",44.7832050410941,0.3,0.025,0.2
"247",63.9237218040803,0.25,0.025,0.2
"176",99.1643841323603,0.2,0.025,0.2
"1348",9.00856604239514,0.8,0.025,0.25
"1248",10.0567585158626,0.75,0.025,0.25
"1149",11.3396461242925,0.7,0.025,0.25
"1048",12.9321413837289,0.65,0.025,0.25
"948",14.9415756666691,0.6,0.025,0.25
"848",17.5262797370448,0.55,0.025,0.25
"748",20.9273376745049,0.5,0.025,0.25
"648",25.5269653735274,0.45,0.025,0.25
"548",31.9604979856916,0.4,0.025,0.25
"448",41.3475690910905,0.35,0.025,0.25
"348",55.8141007528822,0.3,0.025,0.25
"248",79.8099595282015,0.25,0.025,0.25
"177",123.988130235808,0.2,0.025,0.25
"1349",10.5415392882702,0.8,0.025,0.3
"1249",11.8026889425471,0.75,0.025,0.3
"1150",13.3456996208158,0.7,0.025,0.3
"1049",15.2605101712671,0.65,0.025,0.3
"949",17.6760170432772,0.6,0.025,0.3
"849",20.7822493667747,0.55,0.025,0.3
"749",24.8687938834809,0.5,0.025,0.3
"649",30.3946427295281,0.45,0.025,0.3
"549",38.1226997003842,0.4,0.025,0.3
"449",49.397607590256,0.35,0.025,0.3
"349",66.7724479341375,0.3,0.025,0.3
"249",95.5911595763661,0.25,0.025,0.3
"178",148.647315007724,0.2,0.025,0.3
"1350",12.0883781155438,0.8,0.025,0.35
"1250",13.5641367597712,0.75,0.025,0.35
"1151",15.3692529112111,0.7,0.025,0.35
"1050",17.6088163730401,0.65,0.025,0.35
"950",20.4334491861548,0.6,0.025,0.35
"850",24.0652166247954,0.55,0.025,0.35
"750",28.8425265786062,0.5,0.025,0.35
"650",35.3017652275252,0.45,0.025,0.35
"550",44.3344652379297,0.4,0.025,0.35
"450",57.5120552329555,0.35,0.025,0.35
"350",77.8180737009677,0.3,0.025,0.35
"250",111.497770416019,0.25,0.025,0.35
"179",173.502180681845,0.2,0.025,0.35
"1351",13.6686152575185,0.8,0.025,0.4
"1251",15.363346739147,0.75,0.025,0.4
"1152",17.4358946194327,0.7,0.025,0.4
"1051",20.0068385687986,0.65,0.025,0.4
"951",23.2489715671417,0.6,0.025,0.4
"851",27.4170512664875,0.55,0.025,0.4
"751",32.8993406017092,0.5,0.025,0.4
"651",40.3111856301131,0.45,0.025,0.4
"551",50.6754778169398,0.4,0.025,0.4
"451",65.795058362457,0.35,0.025,0.4
"351",89.0929708592191,0.3,0.025,0.4
"251",127.734287356918,0.25,0.025,0.4
"180",198.872371433158,0.2,0.025,0.4
"1352",15.3016633311188,0.8,0.025,0.45
"1252",17.2224785928201,0.75,0.025,0.45
"1153",19.571145991653,0.7,0.025,0.45
"1052",22.4842502091827,0.65,0.025,0.45
"952",26.1574829453424,0.6,0.025,0.45
"852",30.8793769138632,0.55,0.025,0.45
"752",37.0896465027538,0.5,0.025,0.45
"652",45.4852440332789,0.45,0.025,0.45
"552",57.2246956293224,0.4,0.025,0.45
"452",74.3498680774644,0.35,0.025,0.45
"352",100.737653095665,0.3,0.025,0.45
"252",144.50324098367,0.25,0.025,0.45
"181",225.074345980603,0.2,0.025,0.45
"1353",17.0087779893332,0.8,0.025,0.5
"1253",19.1657194915795,0.75,0.025,0.5
"1154",21.8028512198095,0.7,0.025,0.5
"1053",25.0734013610226,0.65,0.025,0.5
"953",29.1970087220748,0.6,0.025,0.5
"853",34.4974511357174,0.55,0.025,0.5
"753",41.4683216139764,0.5,0.025,0.5
"653",50.8917565362424,0.45,0.025,0.5
"553",64.0679627388006,0.4,0.025,0.5
"453",83.2886245061188,0.35,0.025,0.5
"353",112.904851935976,0.3,0.025,0.5
"253",162.024507272653,0.25,0.025,0.5
"182",252.45173115387,0.2,0.025,0.5
"1354",18.8150017566728,0.8,0.025,0.55
"1254",21.2216764346166,0.75,0.025,0.55
"1155",24.1637892381585,0.7,0.025,0.55
"1054",27.8123382872881,0.65,0.025,0.55
"954",32.4122326605821,0.6,0.025,0.55
"854",38.3245629741407,0.55,0.025,0.55
"754",46.0997633362813,0.5,0.025,0.55
"654",56.6102389449714,0.45,0.025,0.55
"554",71.3060018142638,0.4,0.025,0.55
"454",92.7429294485768,0.35,0.025,0.55
"354",125.773685466317,0.3,0.025,0.55
"254",180.556038463816,0.25,0.025,0.55
"183",281.407635305553,0.2,0.025,0.55
"1355",20.7517872809966,0.8,0.025,0.6
"1255",23.426084702924,0.75,0.025,0.6
"1156",26.695129676752,0.7,0.025,0.6
"1055",30.7487912859183,0.65,0.025,0.6
"955",35.8591500375336,0.6,0.025,0.6
"855",42.4273568667993,0.55,0.025,0.6
"755",51.0647695015448,0.5,0.025,0.6
"655",62.7404287825731,0.45,0.025,0.6
"555",79.065041298865,0.4,0.025,0.6
"455",102.877664052808,0.35,0.025,0.6
"355",139.568612787918,0.3,0.025,0.6
"255",200.421110194419,0.25,0.025,0.6
"184",312.447129238203,0.2,0.025,0.6
"1356",22.8610417674674,0.8,0.025,0.65
"1256",25.8266497362142,0.75,0.025,0.65
"1157",29.4515877103238,0.7,0.025,0.65
"1056",33.9463107322308,0.65,0.025,0.65
"956",39.6124209283164,0.6,0.025,0.65
"856",46.8946550153674,0.55,0.025,0.65
"756",56.4707595442103,0.5,0.025,0.65
"656",69.4150224034821,0.45,0.025,0.65
"556",87.5130286687217,0.4,0.025,0.65
"456",113.912211596588,0.35,0.025,0.65
"356",154.588244673464,0.3,0.025,0.65
"256",222.049722306665,0.25,0.025,0.65
"185",346.242112495906,0.2,0.025,0.65
"1357",25.2020156244192,0.8,0.025,0.7
"1257",28.4908342409764,0.75,0.025,0.7
"1158",32.5106283632235,0.7,0.025,0.7
"1057",37.4946603732746,0.65,0.025,0.7
"957",43.7774373380142,0.6,0.025,0.7
"857",51.8519230974304,0.55,0.025,0.7
"757",62.4695814976893,0.5,0.025,0.7
"657",76.821434282149,0.45,0.025,0.7
"557",96.8872300591406,0.4,0.025,0.7
"457",126.156497603443,0.35,0.025,0.7
"357",171.254412673647,0.3,0.025,0.7
"257",246.049281316636,0.25,0.025,0.7
"186",383.741794400657,0.2,0.025,0.7
"1358",27.8642641241869,0.8,0.025,0.75
"1258",31.5205278703178,0.75,0.025,0.75
"1159",35.9891997996358,0.7,0.025,0.75
"1058",41.5296288236453,0.65,0.025,0.75
"958",48.5134602518342,0.6,0.025,0.75
"858",57.4887100418494,0.55,0.025,0.75
"758",69.2905842356633,0.5,0.025,0.75
"658",85.2428937477999,0.45,0.025,0.75
"558",107.546077118158,0.4,0.025,0.75
"458",140.078590926623,0.35,0.025,0.75
"358",190.204317051314,0.3,0.025,0.75
"258",273.337455955267,0.25,0.025,0.75
"187",426.379773395645,0.2,0.025,0.75
"1359",30.9948086107461,0.8,0.025,0.8
"1259",35.0830550247787,0.75,0.025,0.8
"1160",40.0794615803849,0.7,0.025,0.8
"1059",46.2739357827651,0.65,0.025,0.8
"959",54.0819858370201,0.6,0.025,0.8
"859",64.1162415845189,0.55,0.025,0.8
"759",77.3103847145298,0.5,0.025,0.8
"659",95.1443312806293,0.45,0.025,0.8
"559",120.077990327324,0.4,0.025,0.8
"459",156.447184924967,0.35,0.025,0.8
"359",212.484114603583,0.3,0.025,0.8
"259",305.420671294223,0.25,0.025,0.8
"188",476.510031830457,0.2,0.025,0.8
"1360",3.75904845713721,0.8,0.03,0.1
"1260",4.08368481954869,0.75,0.03,0.1
"1161",4.48183056198934,0.7,0.03,0.1
"1060",4.97732821886321,0.65,0.03,0.1
"960",5.60434427206912,0.6,0.03,0.1
"860",6.41321941369059,0.55,0.03,0.1
"760",7.48060368552223,0.5,0.03,0.1
"660",8.92788367909774,0.45,0.03,0.1
"560",10.9566792999441,0.4,0.03,0.1
"460",13.9221314760378,0.35,0.03,0.1
"360",18.4983246158478,0.3,0.03,0.1
"260",26.0959405765179,0.25,0.03,0.1
"189",40.0917805828921,0.2,0.03,0.1
"1361",5.3010830372051,0.8,0.03,0.15
"1261",5.841385932868,0.75,0.03,0.15
"1162",6.50387761029743,0.7,0.03,0.15
"1061",7.32779037873612,0.65,0.03,0.15
"961",8.36910888956614,0.6,0.03,0.15
"861",9.71056591325316,0.55,0.03,0.15
"761",11.4780938168648,0.5,0.03,0.15
"661",13.8711860617857,0.45,0.03,0.15
"561",17.2213755944624,0.4,0.03,0.15
"461",22.1128792541687,0.35,0.03,0.15
"361",29.6548375284858,0.3,0.03,0.15
"261",42.1688191500929,0.25,0.03,0.15
"190",65.2124655187982,0.2,0.03,0.15
"1362",6.78848180246132,0.8,0.03,0.2
"1262",7.53709400975652,0.75,0.03,0.2
"1163",8.45422013827524,0.7,0.03,0.2
"1062",9.59371816890452,0.65,0.03,0.2
"962",11.0326654334354,0.6,0.03,0.2
"862",12.8848486168245,0.55,0.03,0.2
"762",15.3234194367201,0.5,0.03,0.2
"662",18.6229644376657,0.45,0.03,0.2
"562",23.2396214224,0.4,0.03,0.2
"462",29.9775409070926,0.35,0.03,0.2
"362",40.3633528659129,0.3,0.03,0.2
"262",57.5925735864251,0.25,0.03,0.2
"191",89.3152132325992,0.2,0.03,0.2
"1363",8.25333506650346,0.8,0.03,0.25
"1263",9.20648391963424,0.75,0.03,0.25
"1164",10.3734482992473,0.7,0.03,0.25
"1063",11.8224722135229,0.65,0.03,0.25
"963",13.6513487572134,0.6,0.03,0.25
"863",16.0042186593484,0.55,0.03,0.25
"763",19.100793576458,0.5,0.03,0.25
"663",23.2891591740279,0.45,0.03,0.25
"563",29.1479778694198,0.4,0.03,0.25
"463",37.6971009876719,0.35,0.03,0.25
"363",50.8728482021812,0.3,0.03,0.25
"263",72.7283303046677,0.25,0.03,0.25
"192",112.966624122552,0.2,0.03,0.25
"1364",9.71832678917208,0.8,0.03,0.3
"1264",10.875470213949,0.75,0.03,0.3
"1165",12.2915669194546,0.7,0.03,0.3
"1064",14.0492370991876,0.65,0.03,0.3
"964",16.266891351373,0.6,0.03,0.3
"864",19.1190903140486,0.55,0.03,0.3
"764",22.8718404054352,0.5,0.03,0.3
"664",27.946755334283,0.45,0.03,0.3
"564",35.0446090210694,0.4,0.03,0.3
"464",45.4005460683869,0.35,0.03,0.3
"364",61.3596795909393,0.3,0.03,0.3
"264",87.8307790450054,0.25,0.03,0.3
"193",136.565442185824,0.2,0.03,0.3
"1365",11.2023270494951,0.8,0.03,0.35
"1265",12.5656953107965,0.75,0.03,0.35
"1166",14.2336135419041,0.7,0.03,0.35
"1065",16.3033143142931,0.65,0.03,0.35
"965",18.9140001152741,0.6,0.03,0.35
"865",22.271013605072,0.55,0.03,0.35
"765",26.687243413151,0.5,0.03,0.35
"665",32.6586369324732,0.45,0.03,0.35
"565",41.0094592108951,0.4,0.03,0.35
"465",53.1926634558942,0.35,0.03,0.35
"365",71.9667713812263,0.3,0.03,0.35
"265",103.106016075999,0.25,0.03,0.35
"194",160.433925507332,0.2,0.03,0.35
"1366",12.7230407924789,0.8,0.03,0.4
"1266",14.2973875156648,0.75,0.03,0.4
"1167",16.2229900011367,0.7,0.03,0.4
"1066",18.6119099052731,0.65,0.03,0.4
"966",21.6247662753705,0.6,0.03,0.4
"866",25.4983634829775,0.55,0.03,0.4
"766",30.5936090753943,0.5,0.03,0.4
"666",37.4824626491413,0.45,0.03,0.4
"566",47.1157341099636,0.4,0.03,0.4
"466",61.1692056420221,0.35,0.03,0.4
"366",82.8246193314709,0.3,0.03,0.4
"266",118.742145676614,0.25,0.03,0.4
"195",184.866095813151,0.2,0.03,0.4
"1367",14.2986039062871,0.8,0.03,0.45
"1267",16.0912679389067,0.75,0.03,0.45
"1168",18.2835112520605,0.7,0.03,0.45
"1067",21.0028144437493,0.65,0.03,0.45
"967",24.4319035926762,0.6,0.03,0.45
"867",28.8401876228635,0.55,0.03,0.45
"767",34.6382341398356,0.5,0.03,0.45
"667",42.4768366926438,0.45,0.03,0.45
"567",53.437600118686,0.4,0.03,0.45
"467",69.4271626018643,0.35,0.03,0.45
"367",94.0653768760232,0.3,0.03,0.45
"267",134.929483466489,0.25,0.03,0.45
"196",210.159345903665,0.2,0.03,0.45
"1368",15.9491997151049,0.8,0.03,0.5
"1268",17.9703830674969,0.75,0.03,0.5
"1169",20.441724619017,0.7,0.03,0.5
"1068",23.5068325508825,0.65,0.03,0.5
"968",27.3716595250806,0.6,0.03,0.5
"868",32.3396648686667,0.55,0.03,0.5
"768",38.8734879026406,0.5,0.03,0.5
"668",47.7063385341999,0.45,0.03,0.5
"568",60.0569787638617,0.4,0.03,0.5
"468",78.0735729842838,0.35,0.03,0.5
"368",105.834725761935,0.3,0.03,0.5
"268",151.877868756555,0.25,0.03,0.5
"197",236.641715031709,0.2,0.03,0.5
"1369",17.6989967087323,0.8,0.03,0.55
"1269",19.9622326304037,0.75,0.03,0.55
"1170",22.7292228924372,0.7,0.03,0.55
"1069",26.1607142130525,0.65,0.03,0.55
"969",30.4871138055394,0.6,0.03,0.55
"869",36.0481354897299,0.55,0.03,0.55
"769",43.3614957665492,0.5,0.03,0.55
"669",53.2478013472011,0.45,0.03,0.55
"569",67.0710426433369,0.4,0.03,0.55
"469",87.2354013704491,0.35,0.03,0.55
"369",118.305531217681,0.3,0.03,0.55
"269",169.836323619643,0.25,0.03,0.55
"198",264.702155054681,0.2,0.03,0.55
"1370",19.5785073102312,0.8,0.03,0.6
"1270",22.1015823482797,0.75,0.03,0.6
"1171",25.1859501574949,0.7,0.03,0.6
"1070",29.0107474984516,0.65,0.03,0.6
"970",33.8327144039287,0.6,0.03,0.6
"870",40.0304006987045,0.55,0.03,0.6
"770",48.1807161761753,0.5,0.03,0.6
"670",59.1980923469854,0.45,0.03,0.6
"570",74.6024382853856,0.4,0.03,0.6
"470",97.0729094972485,0.35,0.03,0.6
"370",131.695910129671,0.3,0.03,0.6
"270",189.118859791786,0.25,0.03,0.6
"199",294.831530977464,0.2,0.03,0.6
"1371",21.6286680246742,0.8,0.03,0.65
"1271",24.4349749058584,0.75,0.03,0.65
"1172",27.8653959938029,0.7,0.03,0.65
"1071",32.118974002875,0.65,0.03,0.65
"971",37.48126505994,0.6,0.03,0.65
"871",44.3731327949134,0.55,0.03,0.65
"771",53.4360669390064,0.5,0.03,0.65
"671",65.6867305734625,0.45,0.03,0.65
"571",82.8151607156821,0.4,0.03,0.65
"471",107.800148576744,0.35,0.03,0.65
"371",146.297348448912,0.3,0.03,0.65
"271",210.145309004844,0.25,0.03,0.65
"1100",327.685647489599,0.2,0.03,0.65
"1372",23.9073590434157,0.8,0.03,0.7
"1272",27.0284012927835,0.75,0.03,0.7
"1173",30.843237044048,0.7,0.03,0.7
"1072",35.5733050885264,0.65,0.03,0.7
"972",41.5359511791851,0.6,0.03,0.7
"872",49.1991421591632,0.55,0.03,0.7
"772",59.2760894013706,0.5,0.03,0.7
"672",72.8971806200834,0.45,0.03,0.7
"572",91.9413855251589,0.4,0.03,0.7
"472",119.720559719765,0.35,0.03,0.7
"372",162.522721077105,0.3,0.03,0.7
"272",233.510221673688,0.25,0.03,0.7
"1101",364.193615423788,0.2,0.03,0.7
"1373",26.5024588035618,0.8,0.03,0.75
"1273",29.9817719973098,0.75,0.03,0.75
"1174",34.2342849597842,0.7,0.03,0.75
"1073",39.5067422955994,0.65,0.03,0.75
"973",46.1528901243653,0.6,0.03,0.75
"873",54.6943001268848,0.55,0.03,0.75
"773",65.9257855471006,0.5,0.03,0.75
"673",81.1071626639548,0.45,0.03,0.75
"573",102.332602083364,0.4,0.03,0.75
"473",133.293170654533,0.35,0.03,0.75
"373",180.996929344793,0.3,0.03,0.75
"273",260.113402649105,0.25,0.03,0.75
"1102",405.761373530622,0.2,0.03,0.75
"1374",29.5583238898127,0.8,0.03,0.8
"1274",33.4593436028334,0.75,0.03,0.8
"1175",38.2270619964768,0.7,0.03,0.8
"1074",44.1380720769872,0.65,0.03,0.8
"974",51.5888872068949,0.6,0.03,0.8
"874",61.1641248706097,0.55,0.03,0.8
"774",73.7547980185296,0.5,0.03,0.8
"674",90.7731165809322,0.45,0.03,0.8
"574",114.566549083776,0.4,0.03,0.8
"474",149.272566147504,0.35,0.03,0.8
"374",202.747019774569,0.3,0.03,0.8
"274",291.433848094397,0.25,0.03,0.8
"1103",454.699840210938,0.2,0.03,0.8
"1375",3.36801332509757,0.8,0.035,0.1
"1275",3.64416163839567,0.75,0.035,0.1
"1176",3.98305157821945,0.7,0.035,0.1
"1075",4.40515174268696,0.65,0.035,0.1
"975",4.93980507929883,0.6,0.035,0.1
"875",5.63024878368079,0.55,0.035,0.1
"775",6.54230798421444,0.5,0.035,0.1
"675",7.78020049931804,0.45,0.035,0.1
"575",9.51697656373554,0.4,0.035,0.1
"475",12.0574093351777,0.35,0.035,0.1
"375",15.979843267332,0.3,0.035,0.1
"275",22.4944853491151,0.25,0.035,0.1
"1104",34.4982397735007,0.2,0.035,0.1
"1376",4.81634377017537,0.8,0.035,0.15
"1276",5.29598045457746,0.75,0.035,0.15
"1177",5.88454606122612,0.7,0.035,0.15
"1076",6.6170112701247,0.65,0.035,0.15
"976",7.54345549424996,0.6,0.035,0.15
"876",8.73765396512628,0.55,0.035,0.15
"776",10.3119601633587,0.5,0.035,0.15
"676",12.4443665816649,0.45,0.035,0.15
"576",15.4306281876542,0.4,0.035,0.15
"476",19.7918766510998,0.35,0.035,0.15
"376",26.5174806685148,0.3,0.035,0.15
"276",37.6782406719099,0.25,0.035,0.15
"1105",58.2314771558877,0.2,0.035,0.15
"1377",6.22765102107397,0.8,0.035,0.2
"1277",6.90586192682703,0.75,0.035,0.2
"1178",7.73718385347811,0.7,0.035,0.2
"1077",8.77054936734108,0.65,0.035,0.2
"977",10.0760556838864,0.6,0.035,0.2
"877",11.7570070291331,0.55,0.035,0.2
"777",13.9707848328109,0.5,0.035,0.2
"677",16.9667936301312,0.45,0.035,0.2
"577",21.1595335956503,0.4,0.035,0.2
"477",27.2794997532618,0.35,0.035,0.2
"377",36.7135964815576,0.3,0.035,0.2
"277",52.3648600744631,0.25,0.035,0.2
"1106",81.1830563409803,0.2,0.035,0.2
"1378",7.62704899616516,0.8,0.035,0.25
"1278",8.5013122141548,0.75,0.035,0.25
"1179",9.57208028865319,0.7,0.035,0.25
"1078",10.9020690882543,0.65,0.035,0.25
"978",12.5811442945483,0.6,0.035,0.25
"878",14.7417644171709,0.55,0.035,0.25
"778",17.5858097828957,0.5,0.035,0.25
"678",21.4330923431386,0.45,0.035,0.25
"578",26.8153404863941,0.4,0.035,0.25
"478",34.6696282481085,0.35,0.035,0.25
"378",46.7750931854872,0.3,0.035,0.25
"278",66.8558524492393,0.25,0.035,0.25
"1107",103.827394829413,0.2,0.035,0.25
"1379",9.03327577511164,0.8,0.035,0.3
"1279",10.1038202953537,0.75,0.035,0.3
"1180",11.4142651985538,0.7,0.035,0.3
"1079",13.0411441856395,0.65,0.035,0.3
"979",15.0941372570598,0.6,0.035,0.3
"879",17.7349345722612,0.55,0.035,0.3
"779",21.2099243320926,0.5,0.035,0.3
"679",25.9096215291728,0.45,0.035,0.3
"579",32.4831071885075,0.4,0.035,0.3
"479",42.0744196021584,0.35,0.035,0.3
"379",56.8556534051503,0.3,0.035,0.3
"279",81.3734801603676,0.25,0.035,0.3
"1108",126.51258488149,0.2,0.035,0.3
"1380",10.4629038486704,0.8,0.035,0.35
"1280",11.7324595462845,0.75,0.035,0.35
"1181",13.2859079950668,0.7,0.035,0.35
"1080",15.2138089125875,0.65,0.035,0.35
"980",17.6459543620121,0.6,0.035,0.35
"880",20.7736940535005,0.55,0.035,0.35
"780",24.8886256532198,0.5,0.035,0.35
"680",30.4529496768254,0.45,0.035,0.35
"580",38.2348222706962,0.4,0.035,0.35
"480",49.5883214912409,0.35,0.035,0.35
"380",67.0842306844019,0.3,0.035,0.35
"280",96.1038065638536,0.25,0.035,0.35
"1109",149.529745321219,0.2,0.035,0.35
"1381",11.9320985549355,0.8,0.035,0.4
"1281",13.4057510707528,0.75,0.035,0.4
"1182",15.2084282079576,0.7,0.035,0.4
"1081",17.4450884119092,0.65,0.035,0.4
"981",20.266167376438,0.6,0.035,0.4
"881",23.8934421724085,0.55,0.035,0.4
"781",28.6649708384866,0.5,0.035,0.4
"681",35.1163752157647,0.45,0.035,0.4
"581",44.1382632017347,0.4,0.035,0.4
"481",57.3000675386659,0.35,0.035,0.4
"381",77.5817853511627,0.3,0.035,0.4
"281",111.221231126589,0.25,0.035,0.4
"1183",173.151461935671,0.2,0.035,0.4
"1382",13.4578914939716,0.8,0.035,0.45
"1282",15.1431763639894,0.75,0.035,0.45
"1184",17.2043021089298,0.7,0.035,0.45
"1082",19.7611683778504,0.65,0.035,0.45
"982",22.9856315347072,0.6,0.035,0.45
"882",27.1310719838319,0.55,0.035,0.45
"782",32.5836288767807,0.5,0.035,0.45
"682",39.9553624494494,0.45,0.035,0.45
"582",50.2635540250636,0.4,0.035,0.45
"482",65.3013632000334,0.35,0.035,0.45
"382",88.4732676488062,0.3,0.035,0.45
"282",126.905653938654,0.25,0.035,0.45
"1185",197.659045363328,0.2,0.035,0.45
"1383",15.0595993173637,0.8,0.035,0.5
"1283",16.9667888057815,0.75,0.035,0.5
"1186",19.2989093071526,0.7,0.035,0.5
"1083",22.1915460920744,0.65,0.035,0.5
"983",25.8390509597554,0.6,0.035,0.5
"883",30.5279419234529,0.55,0.035,0.5
"783",36.6948177704307,0.5,0.035,0.5
"683",45.0317979361134,0.45,0.035,0.5
"583",56.6892720178181,0.4,0.035,0.5
"483",73.694900780108,0.35,0.035,0.5
"383",99.8984898743046,0.3,0.035,0.5
"283",143.358566018215,0.25,0.035,0.5
"1187",223.367262953822,0.2,0.035,0.5
"1384",16.7605482818591,0.8,0.035,0.55
"1284",18.9031770027848,0.75,0.035,0.55
"1188",21.5228573023682,0.7,0.035,0.55
"1084",24.7717815798792,0.65,0.035,0.55
"984",28.8682155691082,0.6,0.035,0.55
"884",34.133765238159,0.55,0.035,0.55
"784",41.0587164509826,0.5,0.035,0.55
"684",50.4200972556227,0.45,0.035,0.55
"584",63.5095305615088,0.4,0.035,0.55
"484",82.603682928299,0.35,0.035,0.55
"384",112.024917897202,0.3,0.035,0.55
"284",160.82116101451,0.25,0.035,0.55
"1189",250.652978002556,0.2,0.035,0.55
"1385",18.5905168372479,0.8,0.035,0.6
"1285",20.9862155258808,0.75,0.035,0.6
"1190",23.9150269746113,0.7,0.035,0.6
"1085",27.5470479850019,0.65,0.035,0.6
"985",32.1261123590879,0.6,0.035,0.6
"885",38.0117185220085,0.55,0.035,0.6
"785",45.7517836642765,0.5,0.035,0.6
"685",56.2147066813734,0.45,0.035,0.6
"585",70.8439915695586,0.4,0.035,0.6
"485",92.183925665799,0.35,0.035,0.6
"385",125.065211156417,0.3,0.035,0.6
"285",179.599616517895,0.25,0.035,0.6
"1191",279.994725880016,0.2,0.035,0.6
"1386",20.589446324958,0.8,0.035,0.65
"1286",23.2614468946567,0.75,0.035,0.65
"1192",26.5277450257302,0.7,0.035,0.65
"1086",30.5779896882761,0.65,0.035,0.65
"986",35.684026416286,0.6,0.035,0.65
"886",42.2466251464617,0.55,0.035,0.65
"786",50.876709460745,0.5,0.035,0.65
"686",62.5424034539061,0.45,0.035,0.65
"586",78.8530448303846,0.4,0.035,0.65
"486",102.64523073321,0.35,0.035,0.65
"386",139.304708808646,0.3,0.035,0.65
"286",200.104866812952,0.25,0.035,0.65
"1193",312.034534369734,0.2,0.035,0.65
"1387",22.8142674275181,0.8,0.035,0.7
"1287",25.7936192522259,0.75,0.035,0.7
"1194",29.4353341120948,0.7,0.035,0.7
"1087",33.950889559016,0.65,0.035,0.7
"987",39.6432133560703,0.6,0.035,0.7
"887",46.9590505244426,0.55,0.035,0.7
"787",56.5793021286013,0.5,0.035,0.7
"687",69.5832181949763,0.45,0.035,0.7
"587",87.7646322345861,0.4,0.035,0.7
"487",114.285340846366,0.35,0.035,0.7
"387",155.148568856229,0.3,0.035,0.7
"287",222.920435036059,0.25,0.035,0.7
"1195",347.684176598555,0.2,0.035,0.7
"1388",25.3512516627062,0.8,0.035,0.75
"1288",28.6809235555819,0.75,0.035,0.75
"1196",32.7506130539004,0.7,0.035,0.75
"1088",37.7964928221584,0.65,0.035,0.75
"988",44.1571079887898,0.6,0.035,0.75
"888",52.3315923752694,0.55,0.035,0.75
"788",63.0807107290945,0.5,0.035,0.75
"688",77.6101689642609,0.45,0.035,0.75
"588",97.9242045813409,0.4,0.035,0.75
"488",127.555443653311,0.35,0.035,0.75
"388",173.211027836678,0.3,0.035,0.75
"288",248.930736107651,0.25,0.035,0.75
"1197",388.325551015692,0.2,0.035,0.75
"1389",28.3424191856307,0.8,0.035,0.8
"1289",32.0849680855497,0.75,0.035,0.8
"1198",36.6590337437865,0.7,0.035,0.8
"1089",42.3300289820114,0.65,0.035,0.8
"989",49.4783610419581,0.6,0.035,0.8
"889",58.664950254876,0.55,0.035,0.8
"789",70.7446041028227,0.5,0.035,0.8
"689",87.0722845641194,0.45,0.035,0.8
"589",109.900165920954,0.4,0.035,0.8
"489",143.197927328043,0.35,0.035,0.8
"389",194.502586750294,0.3,0.035,0.8
"289",279.590901279579,0.25,0.035,0.8
"1199",436.232365527923,0.2,0.035,0.8
"1390",3.04193816732891,0.8,0.04,0.1
"1290",3.27748803765045,0.75,0.04,0.1
"11100",3.56674280688282,0.7,0.04,0.1
"1090",3.92722274721261,0.65,0.04,0.1
"990",4.38427830450719,0.6,0.04,0.1
"890",4.97517441138317,0.55,0.04,0.1
"790",5.75666084398193,0.5,0.04,0.1
"690",6.81856585350508,0.45,0.04,0.1
"590",8.30999817026047,0.4,0.04,0.1
"490",10.4935058974549,0.35,0.04,0.1
"390",13.8670951745123,0.3,0.04,0.1
"290",19.4729175423693,0.25,0.04,0.1
"1200",29.8052255174274,0.2,0.04,0.1
"1391",4.40821175762686,0.8,0.04,0.15
"1291",4.83654954906323,0.75,0.04,0.15
"11101",5.36260458212352,0.7,0.04,0.15
"1091",6.01780622270884,0.65,0.04,0.15
"991",6.84715301776454,0.6,0.04,0.15
"891",7.91692072771417,0.55,0.04,0.15
"791",9.32802227705278,0.5,0.04,0.15
"691",11.24030303287,0.45,0.04,0.15
"591",13.9193243044145,0.4,0.04,0.15
"491",17.8330263500108,0.35,0.04,0.15
"391",23.8697020800001,0.3,0.04,0.15
"291",33.8885886783732,0.25,0.04,0.15
"1201",52.3405177958428,0.2,0.04,0.15
"1392",5.75250480759533,0.8,0.04,0.2
"1292",6.37093077828173,0.75,0.04,0.2
"11102",7.12940280959407,0.7,0.04,0.2
"1092",8.07269442324523,0.65,0.04,0.2
"992",9.26493669438968,0.6,0.04,0.2
"892",10.8006312637485,0.55,0.04,0.2
"792",12.8237362209234,0.5,0.04,0.2
"692",15.5623680826411,0.45,0.04,0.2
"592",19.3956280137211,0.4,0.04,0.2
"492",24.9916386183178,0.35,0.04,0.2
"392",33.6188499788135,0.3,0.04,0.2
"292",47.932342382498,0.25,0.04,0.2
"1202",74.2882756623896,0.2,0.04,0.2
"1393",7.09413122544202,0.8,0.04,0.25
"1293",7.90119318441736,0.75,0.04,0.25
"11103",8.8900291068795,0.7,0.04,0.25
"1093",10.1186457017711,0.65,0.04,0.25
"993",11.6701656397156,0.6,0.04,0.25
"893",13.6671698907769,0.55,0.04,0.25
"793",16.296214403007,0.5,0.04,0.25
"693",19.8532112927262,0.45,0.04,0.25
"593",24.8298712282017,0.4,0.04,0.25
"493",32.0928316962181,0.35,0.04,0.25
"393",43.2874844753405,0.3,0.04,0.25
"293",61.8579787663099,0.25,0.04,0.25
"1203",96.0495155212723,0.2,0.04,0.25
"1394",8.44846698136212,0.8,0.04,0.3
"1294",9.44504281428082,0.75,0.04,0.3
"11104",10.6652581966048,0.7,0.04,0.3
"1094",12.180450494088,0.65,0.04,0.3
"994",14.0928495500269,0.6,0.04,0.3
"894",16.5531588168577,0.55,0.04,0.3
"794",19.7910207340921,0.5,0.04,0.3
"694",24.1704024418205,0.45,0.04,0.3
"594",30.2962614683489,0.4,0.04,0.3
"494",39.2348752603434,0.35,0.04,0.3
"394",53.010655957673,0.3,0.04,0.3
"294",75.8611709243507,0.25,0.04,0.3
"1204",117.931128734557,0.2,0.04,0.3
"1395",9.83005939374702,0.8,0.04,0.35
"1295",11.019299558816,0.75,0.04,0.35
"11105",12.4747388099995,0.7,0.04,0.35
"1095",14.2812812322474,0.65,0.04,0.35
"995",16.5606107566951,0.6,0.04,0.35
"895",19.4921217245133,0.55,0.04,0.35
"795",23.3491904110195,0.5,0.04,0.35
"695",28.5651332907541,0.45,0.04,0.35
"595",35.8601040765894,0.4,0.04,0.35
"495",46.503553222771,0.35,0.04,0.35
"395",62.9056053421123,0.3,0.04,0.35
"295",90.1112129198793,0.25,0.04,0.35
"1205",140.197960851508,0.2,0.04,0.35
"1396",11.253721668555,0.8,0.04,0.4
"1296",12.6409917946535,0.75,0.04,0.4
"11106",14.3382238731388,0.7,0.04,0.4
"1096",16.4442837039829,0.65,0.04,0.4
"996",19.1008729955129,0.6,0.04,0.4
"896",22.5168772326916,0.55,0.04,0.4
"796",27.010765797535,0.5,0.04,0.4
"696",33.0870586038185,0.45,0.04,0.4
"596",41.5845330666053,0.4,0.04,0.4
"496",53.9816100626423,0.35,0.04,0.4
"396",73.0851902889028,0.3,0.04,0.4
"296",104.770841891512,0.25,0.04,0.4
"1206",163.10446639321,0.2,0.04,0.4
"1397",12.7355168335531,0.8,0.04,0.45
"1297",14.3285176097395,0.75,0.04,0.45
"11107",16.276967261306,0.7,0.04,0.45
"1097",18.6942494584255,0.65,0.04,0.45
"997",21.7428796870708,0.6,0.04,0.45
"897",25.6624655951641,0.55,0.04,0.45
"797",30.8181453380005,0.5,0.04,0.45
"697",37.7887333095314,0.45,0.04,0.45
"597",47.5361982548419,0.4,0.04,0.45
"497",61.7562153123695,0.35,0.04,0.45
"397",83.6681982421215,0.3,0.04,0.45
"297",120.011140147797,0.25,0.04,0.45
"1207",186.918147439275,0.2,0.04,0.45
"1398",14.2939847395001,0.8,0.04,0.5
"1298",16.1030343502653,0.75,0.04,0.5
"11108",18.3153842609253,0.7,0.04,0.5
"1098",21.0595902358258,0.65,0.04,0.5
"998",24.5200348893386,0.6,0.04,0.5
"898",28.9686479366764,0.55,0.04,0.5
"798",34.8197013187446,0.5,0.04,0.5
"698",42.7298954614507,0.45,0.04,0.5
"598",53.7907989313699,0.4,0.04,0.5
"498",69.9262892220264,0.35,0.04,0.5
"398",94.7893198409565,0.3,0.04,0.5
"298",136.026205441183,0.25,0.04,0.5
"1208",211.94226255897,0.2,0.04,0.5
"1399",15.9517793016831,0.8,0.04,0.55
"1299",17.9903985038103,0.75,0.04,0.55
"11109",20.4830867154159,0.7,0.04,0.55
"1099",23.5746987341792,0.65,0.04,0.55
"999",27.4728650768276,0.6,0.04,0.55
"899",32.4837219177642,0.55,0.04,0.55
"799",39.0738630043184,0.5,0.04,0.55
"699",47.9827935902193,0.45,0.04,0.55
"599",60.4397529006922,0.4,0.04,0.55
"499",78.6113728006445,0.35,0.04,0.55
"399",106.61131578091,0.3,0.04,0.55
"299",153.050439414496,0.25,0.04,0.55
"1209",238.543103207771,0.2,0.04,0.55
"13100",17.7378529613763,0.8,0.04,0.6
"12100",20.0236346069439,0.75,0.04,0.6
"11110",22.8181642813629,0.7,0.04,0.6
"10100",26.2838324006247,0.65,0.04,0.6
"9100",30.6532070393372,0.6,0.04,0.6
"8100",36.2694795906311,0.55,0.04,0.6
"7100",43.655392536622,0.5,0.04,0.6
"6100",53.6397444255455,0.45,0.04,0.6
"5100",67.6000109967328,0.4,0.04,0.6
"4100",87.9641445314471,0.35,0.04,0.6
"3100",119.34205488617,0.3,0.04,0.6
"2100",171.3831836283,0.25,0.04,0.6
"1300",267.188436288872,0.2,0.04,0.6
"13101",19.691520414298,0.8,0.04,0.65
"12101",22.2474224279521,0.75,0.04,0.65
"11111",25.3719206149262,0.7,0.04,0.65
"10101",29.2463949872611,0.65,0.04,0.65
"9101",34.1309594933155,0.6,0.04,0.65
"8101",40.4090347297221,0.55,0.04,0.65
"7101",48.6649997970155,0.5,0.04,0.65
"6101",59.8251102716245,0.45,0.04,0.65
"5101",75.4289701438143,0.4,0.04,0.65
"4101",98.1902894147257,0.35,0.04,0.65
"3101",133.261459728799,0.3,0.04,0.65
"2101",191.427531012471,0.25,0.04,0.65
"1301",298.508105810749,0.2,0.04,0.65
"13102",21.8686723885529,0.8,0.04,0.7
"12102",24.7254132952297,0.75,0.04,0.7
"11112",28.2173816172193,0.7,0.04,0.7
"10102",32.5472730212821,0.65,0.04,0.7
"9102",38.0056761983059,0.6,0.04,0.7
"8102",45.0209492645915,0.55,0.04,0.7
"7102",54.2460806101537,0.5,0.04,0.7
"6102",66.7159494846145,0.45,0.04,0.7
"5102",84.1507228151508,0.4,0.04,0.7
"4102",109.582449949253,0.35,0.04,0.7
"3102",148.767896289302,0.3,0.04,0.7
"2102",213.757224693041,0.25,0.04,0.7
"1302",333.398605562795,0.2,0.04,0.7
"13103",24.354253374891,0.8,0.04,0.75
"12103",27.5542828507946,0.75,0.04,0.75
"11113",31.4655974522717,0.7,0.04,0.75
"10103",36.3151584044336,0.65,0.04,0.75
"9103",42.4284212177454,0.6,0.04,0.75
"8103",50.285072407437,0.55,0.04,0.75
"7103",60.6162768294634,0.5,0.04,0.75
"6103",74.5809433174832,0.45,0.04,0.75
"5103",94.1054040220739,0.4,0.04,0.75
"4103",122.584957727087,0.35,0.04,0.75
"3103",166.466153493601,0.3,0.04,0.75
"2103",239.243082095432,0.25,0.04,0.75
"1303",373.220581709509,0.2,0.04,0.75
"13104",27.2882144547564,0.8,0.04,0.8
"12104",30.8932897191709,0.75,0.04,0.8
"11114",35.2994152918921,0.7,0.04,0.8
"10104",40.7622131953881,0.65,0.04,0.8
"9104",47.6481878022532,0.6,0.04,0.8
"8104",56.4976621997371,0.55,0.04,0.8
"7104",68.1341176497838,0.5,0.04,0.8
"6104",83.8627513225058,0.45,0.04,0.8
"5104",105.853183015418,0.4,0.04,0.8
"4104",137.929448726523,0.35,0.04,0.8
"3104",187.352111465197,0.3,0.04,0.8
"2104",269.319210915938,0.25,0.04,0.8
"1304",420.214818144088,0.2,0.04,0.8
"13105",2.76440158392458,0.8,0.045,0.1
"12105",2.96533663050576,0.75,0.045,0.1
"11115",3.21206587509693,0.7,0.045,0.1
"10105",3.5197606654256,0.65,0.045,0.1
"9105",3.91021739251087,0.6,0.045,0.1
"8105",4.41559036160147,0.55,0.045,0.1
"7105",5.08484515455242,0.5,0.045,0.1
"6105",5.99547871795861,0.45,0.045,0.1
"5105",7.27608601367533,0.4,0.045,0.1
"4105",9.15298957837769,0.35,0.045,0.1
"3105",12.0554320872965,0.3,0.045,0.1
"2105",16.8813380160922,0.25,0.045,0.1
"1305",25.7796412143682,0.2,0.045,0.1
"13106",4.05765112076591,0.8,0.045,0.15
"12106",4.44169784153735,0.75,0.045,0.15
"11116",4.91382535112706,0.7,0.045,0.15
"10106",5.50230759180009,0.65,0.045,0.15
"9106",6.24785108520376,0.6,0.045,0.15
"8106",7.21025658737002,0.55,0.045,0.15
"7106",8.48058810213769,0.5,0.045,0.15
"6106",10.2030627679346,0.45,0.045,0.15
"5106",12.6172501175502,0.4,0.045,0.15
"4106",16.1452496325445,0.35,0.045,0.15
"3106",21.5882980793486,0.3,0.045,0.15
"2106",30.623365672634,0.25,0.045,0.15
"1306",47.2649558884258,0.2,0.045,0.15
"13107",5.34194640305636,0.8,0.045,0.2
"12107",5.90857169476405,0.75,0.045,0.2
"11117",6.60393939422826,0.7,0.045,0.2
"10107",7.46922799026133,0.65,0.045,0.2
"9107",8.5634099563841,0.6,0.045,0.2
"8107",9.97337449628318,0.55,0.045,0.2
"7107",11.8314710259968,0.5,0.045,0.2
"6107",14.3474072359037,0.45,0.045,0.2
"5107",17.869676589815,0.4,0.045,0.2
"4107",23.0124480710857,0.35,0.045,0.2
"3107",30.9417513472892,0.3,0.045,0.2
"2107",44.0981043160198,0.25,0.045,0.2
"1307",68.3244139770292,0.2,0.045,0.2
"13108",6.63179912463282,0.8,0.045,0.25
"12108",7.38047831737013,0.75,0.045,0.25
"11118",8.29815335027788,0.7,0.045,0.25
"10108",9.43875565820851,0.65,0.045,0.25
"9108",10.8795518957336,0.6,0.045,0.25
"8108",12.7344261170027,0.55,0.045,0.25
"7108",15.176893820447,0.5,0.045,0.25
"6108",18.4819428860322,0.45,0.045,0.25
"5108",23.1066062156784,0.4,0.045,0.25
"4108",29.8563955227158,0.35,0.045,0.25
"3108",40.2606446429855,0.3,0.045,0.25
"2108",57.5205567577781,0.25,0.045,0.25
"1308",89.2997762440595,0.2,0.045,0.25
"13109",7.93960573246926,0.8,0.045,0.3
"12109",8.87176963332986,0.75,0.045,0.3
"11119",10.0134266207624,0.7,0.045,0.3
"10109",11.4313928161741,0.65,0.045,0.3
"9109",13.2214153608474,0.6,0.045,0.3
"8109",15.5246375590248,0.55,0.045,0.3
"7109",18.5561304800608,0.5,0.045,0.3
"6109",22.6567657458736,0.45,0.045,0.3
"5109",28.393075976957,0.4,0.045,0.3
"4109",36.7637330799221,0.35,0.045,0.3
"3109",49.6646011082959,0.3,0.045,0.3
"2109",71.0642872471583,0.25,0.045,0.3
"1309",110.463591035224,0.2,0.045,0.3
"13110",9.27808796145264,0.8,0.045,0.35
"12110",10.3972486510789,0.75,0.045,0.35
"11120",11.7671790711923,0.7,0.045,0.35
"10110",13.4678501704069,0.65,0.045,0.35
"9110",15.6138746942556,0.6,0.045,0.35
"8110",18.374220017305,0.55,0.045,0.35
"7110",22.0063519100657,0.5,0.045,0.35
"6110",26.918447091542,0.45,0.045,0.35
"5110",33.7887450669766,0.4,0.045,0.35
"4110",43.8129000324649,0.35,0.045,0.35
"3110",59.2609149440231,0.3,0.045,0.35
"2110",84.8844289553046,0.25,0.045,0.35
"1400",132.058834654458,0.2,0.045,0.35
"13111",10.6608697232007,0.8,0.045,0.4
"12111",11.9726297825889,0.75,0.045,0.4
"11121",13.5776951080901,0.7,0.045,0.4
"10111",15.5696070094008,0.65,0.045,0.4
"9111",18.0824181201696,0.6,0.045,0.4
"8111",21.3138583777429,0.55,0.045,0.4
"7111",25.5650438310621,0.5,0.045,0.4
"6111",31.3134724798779,0.45,0.045,0.4
"5111",39.3527005448618,0.4,0.045,0.4
"4111",51.0814753924155,0.35,0.045,0.4
"3111",69.1554687473175,0.3,0.045,0.4
"2111",99.1337045728164,0.25,0.045,0.4
"1401",154.324250285623,0.2,0.045,0.4
"13112",12.1031481400224,0.8,0.045,0.45
"12112",13.6153482754648,0.75,0.045,0.45
"11122",15.4651481552704,0.7,0.045,0.45
"10112",17.7602267804485,0.65,0.045,0.45
"9112",20.6549222458443,0.6,0.045,0.45
"8112",24.3767848397366,0.55,0.045,0.45
"7112",29.2726096847035,0.5,0.045,0.45
"6112",35.891985478435,0.45,0.045,0.45
"5112",45.148575948304,0.4,0.045,0.45
"4112",58.6526828318882,0.35,0.045,0.45
"3112",79.4616893535743,0.3,0.045,0.45
"2112",113.975520768819,0.25,0.045,0.45
"1402",177.515347311252,0.2,0.045,0.45
"13113",13.6227879429023,0.8,0.045,0.5
"12113",15.3458131062822,0.75,0.045,0.5
"11123",17.4530307779439,0.7,0.045,0.5
"10113",20.0670836270766,0.65,0.045,0.5
"9113",23.3635780534723,0.6,0.045,0.5
"8113",27.6015358145181,0.55,0.045,0.5
"7113",33.1756865044447,0.5,0.045,0.5
"6113",40.7117063167624,0.45,0.045,0.5
"5113",51.2494892588224,0.4,0.045,0.5
"4113",66.6221268662422,0.35,0.045,0.5
"3113",90.3098074312641,0.3,0.045,0.5
"2113",129.597482344459,0.25,0.045,0.5
"1403",201.925274456561,0.2,0.045,0.5
"13114",15.241715448378,0.8,0.045,0.55
"12114",17.1890776800072,0.75,0.045,0.55
"11124",19.5702872628668,0.7,0.045,0.55
"10114",22.5237477005265,0.65,0.045,0.55
"9114",26.2478517782875,0.6,0.045,0.55
"8114",31.035081550971,0.55,0.045,0.55
"7114",37.3312860984153,0.5,0.045,0.55
"6114",45.842949051863,0.45,0.045,0.55
"5114",57.744603561341,0.4,0.045,0.55
"4114",75.1062831611073,0.35,0.045,0.55
"3114",101.858361867978,0.3,0.045,0.55
"2114",146.227995714724,0.25,0.045,0.55
"1404",227.910963189827,0.2,0.045,0.55
"13115",16.9884156708243,0.8,0.045,0.6
"12115",19.1775558314053,0.75,0.045,0.6
"11125",21.8540643004724,0.7,0.045,0.6
"10115",25.1734130307173,0.65,0.045,0.6
"9115",29.3585080429149,0.6,0.045,0.6
"8115",34.73795980251,0.55,0.045,0.6
"7115",41.8125923883859,0.5,0.045,0.6
"6115",51.3762330048521,0.45,0.045,0.6
"5115",64.7483692662547,0.4,0.045,0.6
"4115",84.2547106736583,0.35,0.045,0.6
"3115",114.310975178015,0.3,0.045,0.6
"2115",164.160270200573,0.25,0.045,0.6
"1405",255.930593692924,0.2,0.045,0.6
"13116",18.9013913811484,0.8,0.045,0.65
"12116",21.3551004726922,0.75,0.045,0.65
"11126",24.3547817265718,0.7,0.045,0.65
"10116",28.0745888348467,0.65,0.045,0.65
"9116",32.7642198275031,0.6,0.045,0.65
"8116",38.7918532155476,0.55,0.045,0.65
"7116",46.7185643547937,0.5,0.045,0.65
"6116",57.4336920751247,0.45,0.045,0.65
"5116",72.4154866825914,0.4,0.045,0.65
"4116",94.2694804545864,0.35,0.045,0.65
"3116",127.942721750517,0.3,0.045,0.65
"2116",183.790421529792,0.25,0.045,0.65
"1406",286.603116351683,0.2,0.045,0.65
"13117",21.0356952810001,0.8,0.045,0.7
"12117",23.7844408931547,0.75,0.045,0.7
"11127",27.1444013487641,0.7,0.045,0.7
"10117",31.3107277361303,0.65,0.045,0.7
"9117",36.5630082117917,0.6,0.045,0.7
"8117",43.3134531968454,0.55,0.045,0.7
"7117",52.1903926697777,0.5,0.045,0.7
"6117",64.1896837838682,0.45,0.045,0.7
"5117",80.9666269131654,0.4,0.045,0.7
"4117",105.438829976722,0.35,0.045,0.7
"3117",143.1458919421,0.3,0.045,0.7
"2117",205.683422398085,0.25,0.045,0.7
"1407",320.811259766052,0.2,0.045,0.7
"13118",23.4750761102474,0.8,0.045,0.75
"12118",26.5607217338173,0.75,0.045,0.75
"11128",30.3323618987549,0.7,0.045,0.75
"10118",35.0088118988508,0.65,0.045,0.75
"9118",40.903828183471,0.6,0.045,0.75
"8118",48.4801051560453,0.55,0.045,0.75
"7118",58.4426866001771,0.5,0.045,0.75
"6118",71.9091495990898,0.45,0.045,0.75
"5118",90.7371062860722,0.4,0.045,0.75
"4118",118.20079188869,0.35,0.045,0.75
"3118",160.516778916821,0.3,0.045,0.75
"2118",230.697875213253,0.25,0.045,0.75
"1408",359.896683310105,0.2,0.045,0.75
"13119",26.357572887871,0.8,0.045,0.8
"12119",29.8412932625394,0.75,0.045,0.8
"11129",34.0990912833912,0.7,0.045,0.8
"10119",39.3780669977174,0.65,0.045,0.8
"9119",46.0323665466813,0.6,0.045,0.8
"8119",54.5841543042037,0.55,0.045,0.8
"7119",65.8292056970605,0.5,0.045,0.8
"6119",81.0288750840334,0.45,0.045,0.8
"5119",102.279762234412,0.4,0.045,0.8
"4119",133.2774139856,0.35,0.045,0.8
"3119",181.038130916341,0.3,0.045,0.8
"2119",260.249007709904,0.25,0.045,0.8
"1409",406.070608721442,0.2,0.045,0.8
"13120",2.52428572298045,0.8,0.05,0.1
"12120",2.69525208325944,0.75,0.05,0.1
"11130",2.90508532450039,0.7,0.05,0.1
"10120",3.16686629295096,0.65,0.05,0.1
"9120",3.49924138484648,0.6,0.05,0.1
"8120",3.9299000847957,0.55,0.05,0.1
"7120",4.50100269413456,0.5,0.05,0.1
"6120",5.27928464674507,0.45,0.05,0.1
"5120",6.37545149632306,0.4,0.05,0.1
"4120",7.98424005885048,0.35,0.05,0.1
"3120",10.4748929417266,0.3,0.05,0.1
"2120",14.6194840846614,0.25,0.05,0.1
"1410",22.2655669294423,0.2,0.05,0.1
"13121",3.7518861391957,0.8,0.05,0.15
"12121",4.09708715757878,0.75,0.05,0.15
"11131",4.52181224433565,0.7,0.05,0.15
"10121",5.05177707245978,0.65,0.05,0.15
"9121",5.72378189404503,0.6,0.05,0.15
"8121",6.59199808527006,0.55,0.05,0.15
"7121",7.7388696491103,0.5,0.05,0.15
"6121",9.29500024232474,0.45,0.05,0.15
"5121",11.4770895806643,0.4,0.05,0.15
"4121",14.6671705325701,0.35,0.05,0.15
"3121",19.5901854778415,0.3,0.05,0.15
"2121",27.7636266860327,0.25,0.05,0.15
"1411",42.81979657857,0.2,0.05,0.15
"13122",4.98171961092856,0.8,0.05,0.2
"12122",5.50276123739984,0.75,0.05,0.2
"11132",6.1425921692809,0.7,0.05,0.2
"10122",6.93923103014321,0.65,0.05,0.2
"9122",7.94720080023032,0.6,0.05,0.2
"8122",9.24658134757904,0.55,0.05,0.2
"7122",10.9596090796157,0.5,0.05,0.2
"6122",13.2797819151848,0.45,0.05,0.2
"5122",16.5287530587143,0.4,0.05,0.2
"4122",21.2732390734205,0.35,0.05,0.2
"3122",28.5892764854874,0.3,0.05,0.2
"2122",40.7289920279954,0.25,0.05,0.2
"1412",63.0841294890961,0.2,0.05,0.2
"13123",6.22461999424556,0.8,0.05,0.25
"12123",6.9217881168963,0.75,0.05,0.25
"11133",7.7766903572095,0.7,0.05,0.25
"10123",8.83966536417756,0.65,0.05,0.25
"9123",10.1828259566749,0.6,0.05,0.25
"8123",11.9124512835626,0.55,0.05,0.25
"7123",14.1904616083556,0.5,0.05,0.25
"6123",17.2734662445547,0.45,0.05,0.25
"5123",21.5879286603043,0.4,0.05,0.25
"4123",27.8855108214553,0.35,0.05,0.25
"3123",37.5932792682714,0.3,0.05,0.25
"2123",53.6983669880855,0.25,0.05,0.25
"1413",83.3519354923551,0.2,0.05,0.25
"13124",7.49018796491393,0.8,0.05,0.3
"12124",8.36541264300487,0.75,0.05,0.3
"11134",9.43763706241187,0.7,0.05,0.3
"10124",10.7696842654748,0.65,0.05,0.3
"9124",12.4515755634062,0.6,0.05,0.3
"8124",14.6160099713726,0.55,0.05,0.3
"7124",17.4651877746075,0.5,0.05,0.3
"6124",21.3195780053311,0.45,0.05,0.3
"5124",26.7118282381166,0.4,0.05,0.3
"4124",34.5807283963936,0.35,0.05,0.3
"3124",46.7087830847191,0.3,0.05,0.3
"2124",66.8269428437185,0.25,0.05,0.3
"1414",103.867281115789,0.2,0.05,0.3
"13125",8.7895146259738,0.8,0.05,0.35
"12125",9.84661506585106,0.75,0.05,0.35
"11135",11.1408295025285,0.7,0.05,0.35
"10125",12.7477635892535,0.65,0.05,0.35
"9125",14.7757703551992,0.6,0.05,0.35
"8125",17.3845839363424,0.55,0.05,0.35
"7125",20.8176578018849,0.5,0.05,0.35
"6125",25.4607238019859,0.45,0.05,0.35
"5125",31.9551066737674,0.4,0.05,0.35
"4125",41.4310785275498,0.35,0.05,0.35
"3125",56.0346118414169,0.3,0.05,0.35
"2125",80.2577173744464,0.25,0.05,0.35
"1415",124.854236942456,0.2,0.05,0.35
"13126",10.1351466773963,0.8,0.05,0.4
"12126",11.3799279367826,0.75,0.05,0.4
"11136",12.9032456210288,0.7,0.05,0.4
"10126",14.7939012808832,0.65,0.05,0.4
"9126",17.1792745936443,0.6,0.05,0.4
"8126",20.2469294600599,0.55,0.05,0.4
"7126",24.2829449967835,0.5,0.05,0.4
"6126",29.7406188249607,0.45,0.05,0.4
"5126",37.3734764953277,0.4,0.05,0.4
"4126",48.509614273783,0.35,0.05,0.4
"3126",65.6705917362974,0.3,0.05,0.4
"2126",94.1347428321478,0.25,0.05,0.4
"1416",146.538093642261,0.2,0.05,0.4
"13127",11.5414989735783,0.8,0.05,0.45
"12127",12.9819208575892,0.75,0.05,0.45
"11137",14.7440905787025,0.7,0.05,0.45
"10127",16.9306201525398,0.65,0.05,0.45
"9127",19.6885844644798,0.6,0.05,0.45
"8127",23.2347997185424,0.55,0.05,0.45
"7127",27.8998018935309,0.5,0.05,0.45
"6127",34.2072720871809,0.45,0.05,0.45
"5127",43.0278668284118,0.4,0.05,0.45
"4127",55.8961051611884,0.35,0.05,0.45
"3127",75.725515703621,0.3,0.05,0.45
"2127",108.614683635591,0.25,0.05,0.45
"1417",169.163806546631,0.2,0.05,0.45
"13128",13.0257881304347,0.8,0.05,0.5
"12128",14.6722689001352,0.75,0.05,0.5
"11138",16.6860861899047,0.7,0.05,0.5
"10128",19.1843431598322,0.65,0.05,0.5
"9128",22.3349723252578,0.6,0.05,0.5
"8128",26.3855597306897,0.55,0.05,0.5
"7128",31.7134138941671,0.5,0.05,0.5
"6128",38.9165876971122,0.45,0.05,0.5
"5128",48.9891402785401,0.4,0.05,0.5
"4128",63.6832124904447,0.35,0.05,0.5
"3128",86.3254636084519,0.3,0.05,0.5
"2128",123.879388466808,0.25,0.05,0.5
"1418",193.015557345384,0.2,0.05,0.5
"13129",14.6094326036131,0.8,0.05,0.55
"12129",16.4754793166695,0.75,0.05,0.55
"11139",18.7573957989362,0.7,0.05,0.55
"10129",21.5877962852813,0.65,0.05,0.55
"9129",25.1569258991824,0.6,0.05,0.55
"8129",29.7450079492968,0.55,0.05,0.55
"7129",35.7793883166959,0.5,0.05,0.55
"6129",43.9372698614055,0.45,0.05,0.55
"5129",55.3443321877732,0.4,0.05,0.55
"4129",71.9846684064374,0.35,0.05,0.55
"3129",97.625382926952,0.3,0.05,0.55
"2129",140.15190165796,0.25,0.05,0.55
"1419",218.441903250629,0.2,0.05,0.55
"13130",16.3202714047197,0.8,0.05,0.6
"12130",18.4232299925643,0.75,0.05,0.6
"11140",20.9945003817746,0.7,0.05,0.6
"10130",24.1834246005896,0.65,0.05,0.6
"9130",28.2041692176196,0.6,0.05,0.6
"8130",33.3724758518378,0.55,0.05,0.6
"7130",40.1695279269936,0.5,0.05,0.6
"6130",49.3580068967853,0.45,0.05,0.6
"5130",62.2057477160196,0.4,0.05,0.6
"4130",80.9472060921662,0.35,0.05,0.6
"3130",109.825010543439,0.3,0.05,0.6
"2130",157.719905591887,0.25,0.05,0.6
"1420",245.89238455949,0.2,0.05,0.6
"13131",18.1962181468082,0.8,0.05,0.65
"12131",20.5587356627007,0.75,0.05,0.65
"11141",23.4469799375653,0.7,0.05,0.65
"10131",27.0286891172028,0.65,0.05,0.65
"9131",31.5443332780262,0.6,0.05,0.65
"8131",37.3484087453031,0.55,0.05,0.65
"7131",44.9812070143778,0.5,0.05,0.65
"6131",55.2991170058648,0.45,0.05,0.65
"5131",69.725616133891,0.4,0.05,0.65
"4131",90.7696744367054,0.35,0.05,0.65
"3131",123.195034374212,0.3,0.05,0.65
"2131",176.973205329906,0.25,0.05,0.65
"1421",275.976041215163,0.2,0.05,0.65
"13132",20.2915268207476,0.8,0.05,0.7
"12132",22.9437108551388,0.75,0.05,0.7
"11142",26.1857731752258,0.7,0.05,0.7
"10132",30.2059371463081,0.65,0.05,0.7
"9132",35.2740255285345,0.6,0.05,0.7
"8132",41.7878242930466,0.55,0.05,0.7
"7132",50.3536220028812,0.5,0.05,0.7
"6132",61.9324007775538,0.45,0.05,0.7
"5132",78.1214315060741,0.4,0.05,0.7
"4132",101.736241684471,0.35,0.05,0.7
"3132",138.122232117019,0.3,0.05,0.7
"2132",198.468815878612,0.25,0.05,0.7
"1422",309.563331583009,0.2,0.05,0.7
"13133",22.6888575578249,0.8,0.05,0.75
"12133",25.6722425216679,0.75,0.05,0.75
"11143",29.3188740154925,0.7,0.05,0.75
"10133",33.8404463254843,0.65,0.05,0.75
"9133",39.5402848188536,0.6,0.05,0.75
"8133",46.8657694708758,0.55,0.05,0.75
"7133",56.4986053940846,0.5,0.05,0.75
"6133",69.5194062916638,0.45,0.05,0.75
"5133",87.7243474694927,0.4,0.05,0.75
"4133",114.279279293595,0.35,0.05,0.75
"3133",155.195176323211,0.3,0.05,0.75
"2133",223.054253572448,0.25,0.05,0.75
"1423",347.978420607037,0.2,0.05,0.75
"13134",25.5245680497977,0.8,0.05,0.8
"12134",28.8995503055272,0.75,0.05,0.8
"11144",33.0245832918169,0.7,0.05,0.8
"10134",38.1389366247874,0.65,0.05,0.8
"9134",44.5857893318634,0.6,0.05,0.8
"8134",52.8710244222895,0.55,0.05,0.8
"7134",63.7656101707842,0.5,0.05,0.8
"6134",78.4916160785877,0.45,0.05,0.8
"5134",99.0803248661355,0.4,0.05,0.8
"4134",129.112078482237,0.35,0.05,0.8
"3134",175.384669431997,0.3,0.05,0.8
"2134",252.1275017565,0.25,0.05,0.8
"1424",393.405695017599,0.2,0.05,0.8
